연합뉴스,2019.01.02. 오전 9:55,보은 폴리텍大 건립 무산…건축비 148억원 부담 못해 '좌초'," 농산업 위주 학과 편성도 부담…보은군, 대학 측에 포기 의사 전달(보은=연합뉴스) 박병기 기자 = 충북 보은산업단지에 들어설 예정이던 한국폴리텍대학 보은 캠퍼스 건립이 무산됐다.한국폴리텍대학 로고[한국폴리텍대학 제공]보은군은 이 캠퍼스 건립을 포기하는 대신 예정 부지에 농산물 유통·판매시설과 정보통신기술(ICT)에 기반을 둔 스마트팜(smart farm) 조성을 추진한다고 2일 밝혔다.보은 캠퍼스 건립은 2015년부터 추진됐다. 당시 고용노동부와 한국폴리텍대학은 보은을 포함해 경북 영천, 경기 파주, 경남 밀양, 충남 서천 5곳에 새 캠퍼스를 조성하겠다고 발표했다.이후 군은 보은산업단지 7만7천950㎡를 '학교 부지'로 바꾸는 등 사업 준비에 착수했다.그러나 순항하는 듯하던 사업은 정부가 이 대학 신설 캠퍼스 건축비 30%를 관할 자치단체에 부담시키면서 삐걱거리기 시작했다.캠퍼스 난립을 막는다는 취지였는데, 재정 형편이 녹록지 않은 보은군 입장에서는 148억원의 재원 조달이 발등의 불이 됐다.군은 내심 충북도 지원을 기대했지만, 여의치 않자 고심 끝에 캠퍼스 조성을 포기한 것으로 전해졌다.보은 캠퍼스가 농산업 관련 학과 위주로 편성되는 것도 마음을 접게 만든 이유 중 하나다.보은군청[연합뉴스 자료사진]군은 학령인구가 감소하고 농업 비중이 낮아진 상황에서 농산업 분야 학과로는 경쟁력을 갖출 수 없다고 판단했다.고심하던 군은 지난해 대학 측에 보은 캠퍼스 건립을 중단하겠다는 공문을 보냈다.군 관계자는 ""군수와 담당 부서 직원들이 대학을 찾아가 상황을 점검한 뒤 유치계획을 접기로 의견을 모았다""며 ""대학 측에 이를 통보했고, 학교 부지를 다른 용도로 바꾸는 용역에 착수한 상태""라고 설명했다.대학 측도 보은 캠퍼스 조성사업이 중단됐다고 인정했다.폴리텍대학 관계자는 ""이 캠퍼스 조성을 위해 확보해둔 설계비와 감리비의 불용처리 절차를 밟고 있다""며 ""보은 캠퍼스는 중단됐지만, 나머지 4곳은 정상 추진된다""고 말했다.bgipark@yna.co.kr▶연합뉴스 채널 구독하고 스타벅스 커피 드세요▶뭐 하고 놀까? #흥▶쇼미더뉴스! 오늘 많이 본 뉴스영상"
뉴시스,2019.01.03. 오전 10:22,[인사]한국폴리텍대학, 【서울=뉴시스】◇인사▲한국폴리텍대학 신기술교육원교육원장 정진홍▶ 뉴시스 빅데이터 MSI 주가시세표 바로가기▶ 네이버에서 뉴시스 채널 구독하기<저작권자ⓒ 공감언론 뉴시스통신사. 무단전재-재배포 금지.>
전자신문,2019.01.04. 오후 4:10,"ICT폴리텍대학 졸업생, 최연소 통신설비기능장 자격 취득"," ICT폴리텍대학(학장 김철완)은 지난달 대학졸업생 송치윤(27) 진우산전 유지보수팀장이 최연소 통신설비기능장 자격을 취득했다고 4일 밝혔다.통신설비기능장은 유〃무선통신설비에 관한 최상급 숙련기능을 가지고 통신설비공사현장에서 기능자의 훈련과 지도, 감독 등의 업무를 수행하는 중간관리 직무에 해당된다.송치윤씨는 광통신설비과 1학년 재학 중인 2010년 전국기능경기대회 '통신망분배기술직종'에서 금메달을 수상했다. 졸업 후 2015년부터 2018년까지 지방기능경기대회 심사위원으로 활동하기도 했다. 지난달은 통신설비기능장 국가기술자격시험에 합격했다.장선권 ICT폴리텍대학 스마트통신학과 교수는 “학생들에게 안정적인 사회생활과 확실한 미래를 위해 국가기술자격증을 취득할 수 있도록 지도했다”면서 “졸업생도 언제든지 대학 내 실습실을 활용해 실기시험을 준비하도록 이끌었다”고 밝혔다.ICT폴리텍대학은 한국방송통신전파진흥원에서 실시하는 통신분야 국가기술자격검정 실기시험장으로 지정·운영되고 있다. 학생들은 실습시간이 많고 익숙한 실습실에서 실기시험을 볼 수 있어 전문대학보다 자격증 취득율이 50%이상 높다. ICT폴리텍대학은 3년 연속 취업률이 80%를 넘었다. 4차 산업혁명 시대에 대비해 사물인터넷(IoT) 실습장 등 첨단 실습시설을 보유하고 있다. ICT폴리텍대학 등록금 또한 사립 전문대학의 1/3에 그친다.ICT폴리텍대학은 현재 신입생을 정시모집 중이다. 타 대학 수시모집에 합격했거나 수능점수 없이도 지원할 수 있다. 면접 없이 학생부나 수능성적만으로도 선발한다. 군필자에게는 20%, 병역면제자는 15%, 여성지원자는 10% 등 가산혜택이 있다. 정시모집 원서접수는 오는 14일까지다.김철완 ICT폴리텍대학 학장은 “졸업생 중 최연소 기능장이 배출된 데에 기쁘기도 하지만 책임도 느낀다”면서 “앞으로도 국내 유일의 ICT 특성화 대학으로 4차 산업혁명 기반 ICT인프라 구축에 선도적 역할을 수행할 것”이라고 말했다.이준희기자 jhlee@etnews.com▶ 5G가 열어갈 미래 세상 ""5G 그랜드 비전 2019""▶ 네이버 모바일에서 [전자신문] 채널 구독하기▶ 전자신문 바로가기[Copyright ⓒ 전자신문 & 전자신문인터넷, 무단전재 및 재배포 금지]"
동아일보,2019.01.07. 오후 2:18,27세 최연소 통신설비기능장 탄생…ICT폴리텍대 출신 송치윤 씨," 통신설비 분야에서 가장 권위 있는 국가자격증인 통신설비기능장 시험에서 최연소 합격자가 나왔다.ICT폴리텍대는 스마트통신학과 졸업생인 송치윤 진우산전 유지보수팀장이 통신설비기능장 시험에 최연소(만 27세)로 합격했다고 7일 밝혔다. 통신설비기능장을 취득하면 유·무선 통신설비 공사현장에서 훈련, 지도, 감독업무를 총괄 수행할 수 있는 자격이 생긴다.송 팀장은 ICT폴리텍대 재학 중이던 2010년 전국기능경기대회 통신망분배기술직종에서 금메달을 수상했고, 2015~2018년 지방기능경기대회 심사위원으로도 활동했다.장선권 ICT폴리텍대(스마트통신학과) 교수는 “재학생은 물론 졸업생에도 대학 내 실습실에서 실기시험을 준비할 수 있도록 학교 측이 체계적으로 지원했다”고 말했다.ICT폴리텍대는 과학기술정보통신부가 지원하는 ICT분야 특성화 대학이다. 이 대학은 ICT 인프라 구축과 관련된 전문인력 양성을 위해 4개 학과(정보통신, 스마트통신, 멀티미디어통신, 모바일통신)를 두고 있다.▶ 동아일보 단독/우아한 : 우리 아이들의 & 아름다운 한반도▶ 동아일보 채널 구독하고 아이패드 받자! 커피는 매주 2000명에게 증정~ⓒ 동아일보 & donga.com, 무단 전재 및 재배포 금지"
매일경제,2019.01.07. 오전 11:25,“기술재능 기부로 따뜻함 나눠요” 폴리텍 다솜고 국제기술봉사활동," - 베트남 출생 학생으로 구성된 봉사단… 모국에서 3D프린팅·로봇제어 기술봉사 실시- 기관장이 최초로 함께 참여, 중등 교육 단계에서 기술교육이 이루어지지 않는 베트남 현지의 교육적 니즈를 반영하여 우리나라 선진 기술 공유한국폴리텍대학(이사장 이석행, 이하 폴리텍)의 다문화가정 청소년 특성학교인 다솜고가 1월 6일 베트남 출생 학생들 및 교직원 총 16명의 국제기술봉사단을 구성해 베트남 현지로 봉사활동을 떠났다. 주요 일정으로는 3D프린팅, 로봇제어교육, 드론체험 등 기술교육봉사 양국의 언어배우기 문화체험 및 현지 탐방 등이 있다.이번 국제기술봉사는 최초로 기관장이 함께 참여한다. 오랜 산업현장 경험을 갖춘 이석행 이사장은 최근 문을 연 학과 통합실습장 ‘러닝팩토리’를 소개하며, 한층 진화된 우리나라의 융합기술 교육과정을 베트남 현지 학생들에게 알리고 직접 기술봉사에 참여할 예정이다.다솜고는 봉사단원 학생 전원을 베트남 출생 학생들로 구성하여, 현지 언어에 대한 제약 없이 더욱 자세하고 효율적인 기술전수가 가능할 것으로 보인다. 봉사는 오는 17일까지 11박 12일 동안 베트남 하노이, 하이퐁에서 진행될 예정이다. 중·고등학교에서 기술교육이 이루어지지 않는 베트남의 교육적 니즈를 반영하여, 폴리텍에서 동계 방학을 이용해 현지 기술 교육생 24명에게 우리나라의 선진 기술을 공유하기 위해서다. 교육은 현지 학생들과 다솜고 학생들 간의 멘토-멘티 선정을 통해 실시된다. 기계 분야에서는 3D 모델링 기술을 적용한 3D 프린팅 교육이 이뤄지며, 전기 분야에서는 로봇을 제작하고 코딩을 통한 로봇제어 교육이 진행된다. 현지 교사 및 학생들은 본 장비와 교육과정에 대해 많은 흥미와 관심을 보이고 있다고 폴리텍은 밝혔다. 기술봉사 활동에 그치지 않고 베트남 학생들과 문화교류의 기회도 가질 예정이다. 한국에서의 생활, 문화, 음식, 교육 등 우리문화에 대한 이해도를 높이고, 현지 학생들에게 드론체험의 기회를 제공하며 로봇제어 교육을 통한 로봇경진대회도 진행한다.봉사에 참여한 김민아(1학년, 스마트전기과) 학생은 “모국인 베트남으로 돌아가 오랜만에 고국 문화를 체험하고, 여태껏 배운 기술에 대한 교육도 진행하게 되어 감회가 새롭다”고 말했다. 현지 응오시리엔 중학교의 Nguyễn Hà Linh 학생은 “짧은 시간에 모든 기술을 배울 수는 없어 아쉬웠지만, 다솜고와의 지속적인 교류로 교육기회가 더 많아졌으면 좋겠다”고 말했다.폴리텍 이석행 이사장은 “이번 봉사활동에 함께하며 베트남 현지에서 우리의 선진기술을 공유하는 모습을 직접 보니 다솜고 학생들이 더욱 자랑스럽고 기특했다”며 “지속적인 글로벌 교류를 통해 기술교육을 필요로 하는 곳을 적극적으로 돕고, 나아가 다솜고 학생들의 안정적인 사회진출에 기여할 수 있는 기회를 더욱 확대할 것이다” 고 밝혔다.한편, 폴리텍은 한-베 하노이 직업훈련대학(Vietnam-Korea Vocational College of Hanoi)과 베트남 리따이또(Ly Thai To)국제대학 설립추진단과의 만남을 통해 베트남과의 기술교육 교류방안을 협의한 바 있다. 폴리텍은 올해 베트남 및 신(新)남방국가 학생 대상의 영주 글로벌캠퍼스를 시범 운영하는 등 베트남과의 긴밀한 국제협력을 추진할 예정이다. 글로벌 경쟁력 강화를 위해 설립되는 글로벌캠퍼스는 올해 첫 신입생을 선발할 예정이며, 아세안 국가에 진출한 국내 기업의 인력난 해소 및 해외 일자리 창출을 목표로 점차 확대 운영할 계획이다.▶매경 뉴스레터 '매콤달콤'을 지금 구독하세요▶뉴스 이상의 무궁무진한 프리미엄 읽을거리[ⓒ 매일경제 & mk.co.kr, 무단전재 및 재배포 금지]"
매일경제,2019.01.08. 오후 3:29,(포토) 한국폴리텍대학 다솜고등학교 국제기술봉사단 베트남 하노이 현지활동," <사진제공 : 한국폴리텍대학>8일 오전, 한국폴리텍대학 이석행 이사장이 베트남 하노이의 응오시리엔 중학교에 방문해 현지 기술교육생들에게 선반의 종류와 특징에 대해 직접 설명하고 있다.<사진제공 : 한국폴리텍대학>레고 마인드스톰 EV3 키트를 활용한 로봇 프로그래밍 실습을 하고 있다. 봉사단은 이번 기술봉사에서 코딩을 통한 로봇제어 교육과 로봇경진대회까지 함께 진행할 예정이다.▶매경 뉴스레터 '매콤달콤'을 지금 구독하세요▶뉴스 이상의 무궁무진한 프리미엄 읽을거리[ⓒ 매일경제 & mk.co.kr, 무단전재 및 재배포 금지]"
뉴시스,2019.01.10. 오후 2:44,대화하는 김관영 원내대표-이석행 폴리텍대학 이사장, 【서울=뉴시스】홍효식 기자 = 바른미래당 김관영(오른쪽) 원내대표가 10일 오후 서울 여의도 국회에서 한국폴리텍대학-바른미래당 정책 간담회에 참석해 이석행 한국폴리텍대학 이사장과 대화를 나누고 있다. 2019.01.10.yesphoto@newsis.com<저작권자ⓒ 공감언론 뉴시스통신사. 무단전재-재배포 금지.>
뉴시스,2019.01.10. 오후 2:44,한국폴리텍대학-바른미래당 정책 간담회, 【서울=뉴시스】홍효식 기자 = 바른미래당 김관영 원내대표가 10일 오후 서울 여의도 국회에서 한국폴리텍대학-바른미래당 정책 간담회에 참석해 모두발언을 하고 있다. 2019.01.10.yesphoto@newsis.com<저작권자ⓒ 공감언론 뉴시스통신사. 무단전재-재배포 금지.>
뉴시스,2019.01.10. 오후 2:44,대화하는 김관영 원내대표와 한국폴리텍대학 관계자들," 【서울=뉴시스】홍효식 기자 = 바른미래당 김관영 원내대표가 10일 오후 서울 여의도 국회에서 한국폴리텍대학-바른미래당 정책 간담회에 참석해 한국폴리텍대학 이석행(오른쪽 두번째부터) 이사장, 황진호 기획국장, 황선구 운영국장과 이야기를 나누고 있다. 2019.01.10.yesphoto@newsis.com<저작권자ⓒ 공감언론 뉴시스통신사. 무단전재-재배포 금지.>"
연합뉴스,2019.01.16. 오후 3:50,"폴리텍대학 춘천, 일학습병행사업 최우수대학 선정"," 한국폴리텍대학 춘천캠퍼스 전경[한국폴리텍대학 춘천캠퍼스 제공](춘천=연합뉴스) 박영서 기자 = 한국폴리텍대학 춘천캠퍼스는 학내 일학습병행 공동훈련센터가 최근 전국 70개 대학 대상 일학습병행사업 성과평가에서 2018년 최우수대학(S등급)에 선정됐다고 16일 밝혔다.한국폴리텍대학 춘천캠퍼스는 인구 감소와 청년 유출 등 어려운 여건에도 2015년과 2016년 S등급, 2017년 A등급에 이어 2018년 S등급을 받았다.일학습병행사업은 기업체에는 현장 실무능력을 갖춘 인재를 재교육 비용 없이 맞춤형 인재로 양성할 수 있게 돕고, 취업 희망자에게는 실질적인 업무 능력을 배워 원하는 분야의 기업에 취업할 수 있게 돕는다.중소기업 학습근로자는 수료 후 청년내일채움공제에도 가입할 수 있다.이상권 학장은 ""전국 최고 일자리 특화 대학으로 지역사회에 양질의 일자리를 창출할 수 있도록 노력을 다하겠다""고 말했다.conanys@yna.co.kr▶연합뉴스 채널 구독하고 스타벅스 커피 드세요▶뭐 하고 놀까? #흥▶쇼미더뉴스! 오늘 많이 본 뉴스영상"
연합뉴스,2019.01.16. 오전 10:45,오션폴리텍 해기사 양성과정 교육생 110명 모집," 오션폴리텍 해기사 교육 모습[한국해양수산연수원 제공](부산=연합뉴스) 이영희 기자 = 한국해양수산연수원은 오션폴리텍 외항상선 3급 및 어선 5급 해기사 양성과정 교육생을 모집한다고 16일 밝혔다.오션폴리텍은 해양대나 해사고 등의 승선학과 출신이 아닌 일반인을 대상으로 단기간 집중 교육을 통해 해기사를 양성한다.해기사는 선박 운항 관련 전문 지식을 공부하고 국가 자격시험에 합격해 면허를 취득한 선장, 기관장, 항해사, 기관사 등 간부 선원을 말한다.3급 해기사 과정 모집 인원은 총 70명(항해 35명, 기관 35명)으로 서류전형, 인성검사, 면접을 거쳐 선발한다.전문대 졸업 또는 동등한 학력 소지자는 누구나 응시할 수 있다.선발된 3급 해기사 과정 교육생은 3월부터 9개월 동안 이론교육과 승선훈련을 받고 나서 국내 해운선사와 연계한 9개월의 승선실습을 거쳐 면허를 취득하게 된다.해양수산연수원 실습선 한반도호어선 5급 해기사 과정 모집 인원은 40명(어업 20명, 기관 20명)이다.학력, 나이 등에 제한을 두지 않으며 인성검사와 면접을 거쳐 선발한다.4개월의 이론교육, 1개월의 승선훈련 후에 국내 선사와 연계한 승선실습(1개월)을 마치면 해기사 면허를 취득한다.오션폴리텍 교육비, 숙식비, 교재비는 전액 국비로 지원된다.교육생 모집 관련 자세한 사항은 연수원 홈페이지(www.seaman.or.kr)를 참조하거나, 오션폴리텍팀(☎ 051-620-5772~4)에 문의하면 된다.lyh9502@yna.co.kr▶연합뉴스 채널 구독하고 스타벅스 커피 드세요▶뭐 하고 놀까? #흥▶쇼미더뉴스! 오늘 많이 본 뉴스영상"
뉴시스,2019.01.23. 오후 5:34,[인사]한국폴리텍대학, 【서울=뉴시스】◇한국폴리텍대학 학교법인 전보▲예산부장 서완석▲정보전산부장 최용준 ▲산학사업부장 안종복▲인사부장 나병선▶ 네이버에서 뉴시스 채널 구독하기▶ 뉴시스 빅데이터 MSI 주가시세표 바로가기<저작권자ⓒ 공감언론 뉴시스통신사. 무단전재-재배포 금지.>
매일경제,2019.01.24. 오후 1:35,"""직업교육의 새 패러다임 만들 것"" 폴리텍대, `일자리 특화` 비전 선포"," 24일 한국폴리텍대 정수캠퍼스에서 열린 '4차 산업혁명을 선도할 인재를 육성하는 일자리 특화 대학' 비전 선포식의 참석자들이 기념사진을 찍고 있다. [사진 = 한경우 기자]한국폴리텍대학이 4차 산업혁명을 선도할 인재를 육성하는 '일자리 특화 대학'으로써의 직업교육의 새로운 패러다임을 구축해 국민들에게 일자리에 대한 희망을 주겠다고 선언했다.폴리텍대는 24일 서울 용산구 정수캠퍼스에서 '비전 2020, 4차 산업혁명 시대를 선도하는 국민의 일자리 특화 대학 선포식'을 개최했다.이 자리에는 국회 환경노동위원회 소속 이상돈 바른미래당 의원, 김동민 한국산업인력공단 이사장, 노경란 한국잡월드 이사장, 김학만 한국서예협회 이사장, 박점식 천지세무법인 회장, 정석화 하나은행 전무, 문유경 한국여성정책연구원 선임연구원과 한국폴리텍대학의 이석행 이사장을 비롯한 관계자들이 참석했다.이석행 이사장은 인사말을 통해 ""폴리텍대학은 과거처럼 정부에서 부여하는 직업교육만 할 게 아니라 산업 (변화를) 토대로 직업교육을 개발해야 한다""며 ""그렇게 하면 폴리텍대학이 한국 경제의 중심에 설 수 있다""고 말했다. 이어 ""폴리텍대학이 대한민국 직업교육의 새로운 패러다임을 만드는 일정이 오늘 시작된다""고 강조했다.한국폴리텍대학이 지난해 81.6%의 졸업생 취업률을 달성하는 데 도움을 준 기업 관계자들과 이석행 한국폴리텍대학 이사장(오른족에서 다섯번째)이 감사패를 받은 뒤 기념사진을 찍고 있다. [사진 = 한경우 기자]이에 이상돈 의원은 축사를 통해 ""폴리텍대학이 직업교육 일자리 창출에 큰 역할을 하는 것도 중요하지만 이젠 교육기관으로써 위상을 확립해야 한다""고 화답했다.이날 폴리텍대는 '취풍당당! 취업은 한국폴리텍대학'이라는 새로운 슬로건과 함께 일자리력(力), 기술력(力), 폴리텍인력(力) 등 3가지의 비전을 제시했다. 이를 수행할 ▲뿌리-기간 산업의 고도화 및 4사산업 중심 학과의 신설·재편 ▲교육훈련 품질 향상 ▲포용적 직업교육훈련 강화로 연 10만개 국민 일자리 지원 ▲대졸 미취업자, 신중년 등 구직자별 대표 교육모델 정착 ▲합리적 평가 제도 확립 및 화합·상생의 조직문화 구축 ▲세대교체에 따른 교직원 맞춤 역량 강화 등 6가지 계량화된 목표와 9가지 세부 과제의 로드맵을 담은 '3·6·9 전략'도 선언했다.구체적으로 폴리텍대학은 올해 상반기 중으로 '러닝팩토리(Learning-Factory)' 10개 이상을 새로 구축할 계획이다. 러닝팩토리는 4차산업혁명을 대비한 융합교육 실습을 지원하기 위한 전 공정 통합 실습 설비다. 이석행 이사장은 ""다른 교육기관이 100억원을 들여서 만든다는 러닝팩토리를 3억7000만원의 기금을 갖고 인천에 시범적으로 만들었다""며 ""부족한 부분을 채워가는 중""이라고 전했다.이상돈 의원은 인재 양성에 대한 정부의 예산이 너무 부족하다며 ""폴리텍대학 구성원이 주어진 여건 하에서도 의욕적인 모습을 보이면 국민적 기대와 지지가 예산 지원으로 나타날 것""이라고 격려했다.항공정비(MRO) 교육기관 설립도 이 이사장이 올해 역점을 두고 추진할 사업이다. 폴리텍대학은 지난해 12월 인천공항공사와 항공정비 전문인력 육성을 위한 MOU를 맺기도 했다. 항공기 정비업은 제조업 대비 인건비 비중이 약 5배 높다. 미국 FFA 등으로부터 인증을 받은 전문 기술자들만 진입할 수 있는 고임금 직군이기 때문이다.이날 폴리텍대학이 지난해 기준 81.6%의 졸업생 취업률을 달성하는 데 기여한 권역별 우수 기업으로 태진세미텍, 우진계전, 일진파워, 한화큐셀, 일진머티리얼즈, 삼익THK, 대한시스텍, 한미약품, 삼구아이앤씨 등이 선정돼 공로패를 받았다.이석행 한국폴리텍대 이사장이 '4차 산업혁명을 선도할 인재를 육성하는 일자리 특화 대학' 비전 선포식에서 인사말을 하고 있다. [사진 = 한경우 기자]특히 한미약품은 폴리텍대학 특성화대학 바이오캠퍼스와 산학연계 업무협약(MOU)를 맺고 바이오 전문 기술인력 양성에 힘쓰며 지난해 21명을 포함해 모두 45명의 졸업생을 채용하고 있다.청주캠퍼스가 취업우수기업으로 선정한 한화큐셀은 지난해 30명의 폴리텍대학 졸업생을 채용했다. 지난 2017년부터는 지역산업맞춤형 인력양성과정으로 채용협약형 교육을 하고 있기도 하다.이석행 이사장은 ""지난 50년간 일자리와 국민을 잇는 다리 역할을 충실히 해온 우리 대학은 앞으로의 50년을 바라보며 새로운 인재 양성을 위한 혁신을 거듭하고 있다""며 ""청년에게는 희망찬 미래를 주고, 중년에게는 새로운 도약을 실현시켜 주는 일자리 플랫폼이 돼 국민의 일터를 책임지겠다""고 말했다.[디지털뉴스국 한경우 기자]▶매경 뉴스레터 '매콤달콤'을 지금 구독하세요▶뉴스 이상의 무궁무진한 프리미엄 읽을거리[ⓒ 매일경제 & mk.co.kr, 무단전재 및 재배포 금지]"
뉴시스,2019.01.24. 오전 11:30,"폴리텍대학, 일자리특화대학 선포…""국민의 일터 책임"" "," 【서울=뉴시스】강세훈 기자 = 한국폴리텍대학이 일자리특화대학 선포식을 갖고 새로운 슬로건과 6가지 전략목표를 발표했다.한국폴리텍대학은 24일 오전 서울 용산구 서울정수캠퍼스에서 '비젼 2020, 4차 산업혁명 시대를 선도하는 국민의 일자리특화대학 선포식'을 가졌다.폴리텍대학은 이날 '취풍당당! 취업은 한국폴리텍대학', '기술을 빚다, 일자리를 잇다, 한국폴리텍대학' 등 새로운 슬로건 2개를 공개하며 일자리특화대학으로서의 정체성을 강조했다.또한 '일자리力, 기술力, 폴리텍인力' 3가지의 비전과 함께 6가지의 계량화된 목표, 9가지 세부과제의 로드맵을 정립, 이른바 '3·6·9 전략'을 선언했다.3가지 비전에 따른 6가지 전략목표는 ▲뿌리-기간산업의 고도화 및 4차 산업 중심 학과 신설·개편 ▲교육훈련 품질 향상 ▲포용적 직업교육훈련강화로 연 10만개 국민 일자리 지원 ▲대졸 미취업자, 신중년 등 구직자별 대표 교육모델 정착 ▲합리적 평가제도 확립 및 화합·상생의 조직문화 구축 ▲세대교체에 따른 교직원 맞춤역량 강화 등이다.폴리텍 이석행 이사장은 ""지난 50년 간 일자리와 국민을 잇는 다리 역할을 충실히 해온 우리 대학은 앞으로의 50년을 바라보며 새로운 인재 양성을 위한 혁신을 거듭하고 있다""며 ""청년에게는 희망찬 미래를, 중년에게는 새로운 도약을 실현시켜주는 일자리 플랫폼으로서, 지치지 않는 열정으로 국민의 일터를 책임지겠다""고 말했다.kangse@newsis.com▶ 네이버에서 뉴시스 채널 구독하기▶ 뉴시스 빅데이터 MSI 주가시세표 바로가기<저작권자ⓒ 공감언론 뉴시스통신사. 무단전재-재배포 금지.>"
파이낸셜뉴스,2019.02.07. 오전 8:45,"한국폴리텍VI대, '로고라이트' 불 밝혀"," 대학홍보,야간통행길안전'일석이조'(一石二鳥)'로고라이트'로 환하게 불을 밝힌 한국폴리텍VI대. 사진=한국폴리텍VI대 제공【대구=김장욱 기자】재학생들과 주민들의 야간 통행에 어두웠던 한국폴리텍VI대학 대구캠퍼스 곳곳에 밝은 로고라이트가 설치돼 눈길을 끈다.한국폴리텍VI대는 정문, 기숙사, 산학협력관, 도서관 등 교내 5곳에 '로고라이트' 설치를 완료했다고 7일 밝혔다.이번에 설치된 로고라이트는 문구나 그림이 그려진 이미지 글라스에 발광다이오드(LED)를 투사시켜 바닥이나 벽에 이미지를 비추는 일종의 빔프로젝터다.야간(동계 기준 오후 5시 30~오전 6시 30분)에 상대적으로 어두운 곳에 로고라이트를 설치, 학생들과 주민을 위한 셉테드(CPTED, 범죄예방 환경설계)에 뛰어난 효과가 있을 것으로 기대하고 있다.이권희 학장은 ""야간에 빛으로 송출된 이미지가 학교를 다니는 보행자들의 관심을 유도, 안전의식 향상뿐만 아니라 대학 홍보에 크게 기여할 것""이라고 말했다.한편 한국폴리텍VI대는 대구, 구미, 달성, 영천, 영주, 포항 등 총 6개의 캠퍼스로 구성돼 있으며, 본부는 대구캠퍼스다. 한국폴리텍VI대는 지역사회와 대학을 잇는 Community College로서 앞으로도 주민 안전과 대학 홍보를 병행할 수 있는 방안을 지속적으로 모색할 예정이다.gimju@fnnews.com 김장욱 기자▶ 세상의 모든 골 때리는 이야기 'fn파스'▶ 속보이는 연예뉴스 fn스타※ 저작권자 ⓒ 파이낸셜뉴스. 무단 전재-재배포 금지"
동아일보,2019.02.11. 오후 1:32,"㈜퀴즈톡, 한국폴리텍대학 서울강서캠퍼스와 MOU 체결"," 사진제공= 퀴즈톡㈜퀴즈톡(대표 전창섭)은 지난 8일 한국폴리텍대학 서울강서캠퍼스(학장 노정진)와 기업 맞춤형 인재 양성 및 산학협력을 골자로 업무협약(MOU)을 체결했다.한국폴리텍대학 서울강서캠퍼스 대회의실에서 진행된 이날 협약식에는 노정진 학장과 ㈜퀴즈톡 전창섭 대표이사 등이 참석했다. 협약식에 이어 빅데이터 전문학과인 데이터분석과 학생들을 위한 장학금 전달식도 함께 진행됐다.양 기관은 이번 협약을 통해 업체의 빅데이터, 핀테크 및 최신 기술 동향, 노하우 등을 서울강서캠퍼스 데이터분석과와 교류해 실습과 강의 등에 활용하기로 협약했다. 또한 우수인력 장학금 지원, 취업 연계 등 유기적 관계를 구축해 상호 교류 강화에 나선다는 계획이다.한국폴리텍대학 서울강서캠퍼스 데이터분석과는 전국 최초로 설립된 빅데이터 기술을 교육하는 전문학과로 빅데이터 기업과 동일한 실습 환경을 구축하여 빅데이터 처리과정인 수집·저장·처리·분석·시각화 기술과 인공지능 중 딥러닝을 교육하는 유일한 학과이다.실제로 데이터분석과는 최근 2년간 대외 공모전을 통해 수여받은 누적 상금 3940만 원이라는 기록을 달성하는 등 괄목할만한 성과를 거두고 있으며 특히 올해 배출된 1기 졸업자들은 국내 유수 대기업 및 중견기업에 빅데이터 전문인력으로 취업했다.㈜퀴즈톡 전창섭 대표이사는 “㈜퀴즈톡은 유저들에게 추천퀴즈와 보다 효과적인 타깃광고를 선보이기 위해 유저의 관심사를 분석할 수 있는 빅데이터 분석 시스템을 도입했다""면서 ""데이터를 분석하는 능력은 또 하나의 자산으로서 무한한 가능성을 가지고 있는 만큼 빅데이터가 세상을 바꿀 수 있다고 생각한다. 향후 인재양성과 고용 강화에 힘쓸 수 있기를 기대한다""고 밝혔다.한편 ㈜퀴즈톡은 누구나 퀴즈의 출제자와 풀이자가 될 수 있는 지식 공유 플랫폼 '퀴즈톡'을 구축했으며 최근 국내 대형 커뮤니티 사이트 '디시인사이드', 일본에서 15년간 광고기반 플랫폼 서비스를 제공해 온 ㈜파이브게이트 등과 서비스 론칭을 위한 업무협약을 체결한 바 있다.글로벌 서비스로 확장 중인 ㈜퀴즈톡은 일본과 필리핀에 해외 현지 법인을 설립해 운영하는 등 해외 시장으로의 진출도 박차를 가하고 있다.동아닷컴 김동석 기자 kimgiza@donga.com▶ 동아일보 단독 뉴스/트렌드 뉴스▶ 네이버 홈에서 [동아일보] 채널 구독하기ⓒ 동아일보 & donga.com, 무단 전재 및 재배포 금지"
뉴시스,2019.02.15. 오후 4:43,한국폴리텍대학 대전  학위수여식 ," 【대전=뉴시스】유순상 기자 = 15일 한국폴리텍대학 대전캠퍼스에서 열린 2018학년도 학위수여식 및 수료식에서 이인호(앞줄 왼쪽 네번째) 학장 등 참석자들이 기념촬영을 하고 있다. 2년제 학위과정 428명에게 학위증을, 전문기술과정 86명에게 수료증을 각각 전달했다. 2019.02.15.(사진=한국폴리텍대학 대전캠퍼스 제공)ssyoo@newsis.com<저작권자ⓒ 공감언론 뉴시스통신사. 무단전재-재배포 금지.>"
뉴시스,2019.02.15. 오후 4:43,한국폴리텍 양대웅 이사 대전캠퍼스 방문 ," 【대전=뉴시스】유순상 기자 = 한국폴리텍대학 대전캠퍼스는 15일 학교법인 한국폴리텍 양대웅 기획운영이사가 방문, 4차 산업혁명 선도인력 양성 학과(VR미디어콘텐츠과) 운영 및 러닝팩토리 구축 계획 등에 관한 업무보고를 받았다고 밝혔다. 양(앞줄 왼쪽)이사가 캠퍼스 투어를 하면서 시설에 대한 설명을 듣고 있다. 2019.02.15.(사진=한국폴리텍대학 대전캠퍼스 제공)ssyoo@newsis.com<저작권자ⓒ 공감언론 뉴시스통신사. 무단전재-재배포 금지.>"
뉴시스,2019.02.28. 오후 6:58,한국폴리텍 대전 신입생 입학식, 【대전=뉴시스】유순상 기자 =  28일 한국폴리텍Ⅳ대학 대전캠퍼스에서 열린 2019학년도 신입생 입학식에서 이인호 학장이 환영사를 하고 있다. 8개 학과 2년제 학위과정 주간 460명 등 총 648명이 입학했고 병역안내와 '참人(인)폴리텍 인성교육' 등의 오리엔테이션이 이어졌다. 2019.02.28.(사진=대전캠퍼스 제공)ssyoo@newsis.com<저작권자ⓒ 공감언론 뉴시스통신사. 무단전재-재배포 금지.>
뉴시스,2019.03.05. 오전 11:11,"한국폴리텍Ⅶ대학, 2019학년도 입학식 ", 【창원=뉴시스】김기진 기자 =4일 한국폴리텍Ⅶ대학(학장 손은일)은 2019학년도 입학식 및 오리엔테이션 행사를 경남 창원 폴리텍 창원캠퍼스 내 폴리텍홀 체육관에서 개최하고 있다. 2019.03.05. (사진=폴리텍 창원 제공)photo@newsis.com<저작권자ⓒ 공감언론 뉴시스통신사. 무단전재-재배포 금지.>
매일신문,2019.03.28. 오후 7:03,"한국전문대학교육협의회, 경북 영천 폴리텍 대학 로봇캠퍼스 설립인가 추진 공식 반대"," [김우정 기자 kwj@imaeil.com]한국전문대학교육협의회 이사회가 대구보건대학교에서 제127차 이사회를 진행하고 있다.한국전문대학교육협의회가 현재 경북 영천에 건립되고 있는 한국폴리텍대학 '로봇캠퍼스' 설립 인가 추진에 공식 반대 입장을 내놨다.한국전문대교협 회장단은 지난 27일 대구보건대학교 본관 회의실에서 제127차 이사회를 열고 ""로봇 산업은 신산업 분야로 국가 차원의 전략적 정책으로 추진해야 하므로 이번 영천 폴리텍 캠퍼스 신설은 재검토돼야 한다""고 의견을 모았다.이미 로봇산업 관련학과는 대구·경북권역 3개 전문대학에서 3개 학과에 712명이 재학 중이고 또 전국적으로 14개교 924명을 모집해 운영하고 있으므로 컨소시엄 형태로 인력양성을 지원하는 것이 효과적이라는 주장이다.또 폴리텍대학의 로봇인력 양성을 위한 학생 증원은 정부의 대학구조조정 정책과 지난해 기획재정부가 발표한 폴리텍대학에서 전문대와 유사한 기능의 학위 과정을 축소한다는 정책에 반하는 것이라며 비판했다.회장단은 ""로봇산업과 관련해 현재 운영 중인 전문대학에 재정을 지원해 인력을 양성하는 것이 국가재정을 절감하면서 효과적으로 목적을 달성하는 방법이다""고 주장했다.한편 폴리텍대학 로봇캠퍼스는 내년 3월 개교를 목표로 2018년 1월 착공했다. 폴리텍대학은 2020년도 4개과 총 200명 모집을 위해 지난달 13일 한국폴리텍대학 교육부 설립인가 관련 협의요청을 진행한 바 있다.ⓒ매일신문 - www.imaeil.com"
뉴시스,2019.04.15. 오후 2:20,구룡전기 박실용 대표 폴리텍 대전 장학금 기탁," 【대전=뉴시스】유순상 기자 = 15일 한국폴리텍Ⅳ대학 대전캠퍼스에서 ㈜구룡전기 박실용(오른쪽 네번째) 대표가  장학금 3000만원을 기탁하고 이인호(가운데) 학장, 수혜 학생들 등과 기념촬영을 하고 있다. 박 대표는 대전캠퍼스 희망플러스센터에서 중장년 재취업과정 강의도 맡아 산업현장 지식과 경험을 전달하고 있다. 2019.04.15.(사진=한국폴리텍대학 대전캠퍼스 제공)ssyoo@newsis.com<저작권자ⓒ 공감언론 뉴시스통신사. 무단전재-재배포 금지.>"
매일경제,2019.04.23. 오후 4:11,"폴리텍 양대웅 이사, 과학·정보통신의 날 기념식서 국무총리 표창"," 정보통신기술진흥센터와 협력해 ICT분야 신기술 인재 양성에 기여한국폴리텍대학(이하 폴리텍, 이사장 이석행) 양대웅 기획운영이사가 22일 동대문디자인플라자에서 열린 ‘2019년도 과학정보통신의 날 기념식’에서 정부포상 대상자로 선정되어 국무총리표창을 수상했다. 정부는 매년 ‘정보통신의 날(4.22.)’을 맞이하여 과학기술과 정보통신 분야 발전에 기여한 유공자를 선발포상하여 공적을 치하한다.양 이사는 폴리텍 상임이사로 취임 이후 4차 산업혁명 대비 정보통신기술분야 인재 양성에 크게 기여한 공로를 인정받았다. 폴리텍은 정보통신기술진흥센터(ITTP)와 협력해 재학생 250명(50개팀)을 대상으로 ICT멘토링 사업을 추진 중이다. ICT멘토링 사업은 삼성, SK, LG 등 ICT기업의 전문가와 ICT분야에 관심이 있는 대학생들이 팀을 이뤄 프로젝트를 수행하는 SW(소프트웨어) 인재양성 프로그램이다. 폴리텍은 ICT멘토링 사업을 통해 대학생 멘티와 기업체 ICT전문가인 멘토가 함께 프로젝트를 수행할 수 있도록 지원하며, 팀당 140만원 상당의 프로젝트 실습비도 제공한다.한편, 폴리텍은 고학력 미취업자 대상의 신기술신산업분야 특화과정인 하이테크 과정을 운영하며 정보통신IT분야로 교육의 범위를 확대하고 있다. ITTP 등 외부기관과 협업도 강화해 4차 산업혁명 시대 경쟁력인 ICT분야 인재 양성에 힘쓴다는 방침이다.양대웅 한국폴리텍대학 기획운영이사(오른쪽에서 두번째)가 22일 열린 2019년도 과학 정보통신의 날 기념식에서 정부포상 대상자로 선정되어 국무총리표창을 받았다.▶네이버 메인에서 '매일경제'를 받아보세요▶뉴스레터 '매콤달콤' 구독▶무궁무진한 프리미엄 읽을거리[ⓒ 매일경제 & mk.co.kr, 무단전재 및 재배포 금지]"
뉴시스,2019.04.23. 오후 12:00,폴리텍 신기술 훈련 비중 7%→20% 늘린다…2022년 목표," 4차산업혁명 대응 위해 '신기술 직업훈련' 대폭 확대내년 상반기 경기도 광명에 제2융합기술교육원 건립【서울=뉴시스】비행중인 드론. 2019.04.23. (사진=뉴시스 DB)【서울=뉴시스】강세훈 기자 = 정부가 4차 산업혁명 시대에 적극 대응하기 위해 신기술 직업훈련을 대폭 늘린다. 공공훈련기관인 폴리텍 훈련 직종은 기존 뿌리·기간산업 중심에서 미래차, 드론 등 8대 핵심선도 사업 중심으로 바꾸기로 했다.고용노동부는 지난 10일 일자리위원회에서 의결한 직업능력개발 혁신방안을 이행하기 위한 구체적인 로드맵을 23일 발표했다.고용노동부 하헌제 직업능력정책과장은 ""신기술 직업훈련을 늘려 청년 일자리 창출과 산업·기업의 경쟁력 키우기에 본격 나설 것""이라며 ""4차 산업혁명의 가속화와 노동시장의 변동성 증가에 대응하기 위한 것""이라고 밝혔다.우선 공공훈련기관인 폴리텍은 훈련 직종을 뿌리·기간산업 위주에서 혁신성장 8대 핵심 선도 사업을 중심으로 바꾸기로 했다.8대 핵심선도 사업은 스마트공장, 금융기술(핀테크), 생명건강(바이오헬스), 미래차, 스마트시티, 스마트팜, 에너지신산업, 무인기(드론) 등이다.이를 위해 폴리텍 학과를 신설·개편해 지난해 7% 수준이었던 신기술 훈련 비중을 2022년 20%까지 늘리기로 했다.폴리텍은 또한 신산업분야에서 높은 수준의 직업훈련 기회도 늘리기로 했다.한국폴리텍대학의 '첨단기술 과정(하이테크 과정)'을 확대 운영해 청년층에게 기존 전문기술과정(기능사과정)과 차별화된 직업훈련을 제공한다는 방침이다.폴리텍은 청년층을 고급 기술 인력으로 양성하기 위한 신산업·신기술 직종 특화 과정으로 2016년부터 하이테크 과정을 신설해 운영하고 있다.정부는 또 경기도 광명시에 내년 상반기 중 제2융합기술교육원(가칭)을 추가로 건립하기로 했다.융합기술교육원은 첨단기술 과정(하이테크 과정) 전용 훈련 기관으로 지난 2016년 성남(분당)에 문을 열었다. 4년 평균 취업 취업률이 91.4%을 기록하고 있다는 게 고용부 설명이다.아울러 고용부는 기존 폴리텍 캠퍼스의 기능을 조정해 지역 거점 신기술 분야 훈련 기관을 늘리기로 했다.전주 신기술교육원은 스마트전기에너지, 스마트공장 관련 학과를 새로 만들고, 대구 섬유패션캠퍼스는 영남권의 신기술 분야 중점 훈련 기관으로 개편해 스마트팩토리 등 신산업 관련 학과를 이전 배치하기로 했다.고용노동부 장신철 직업능력정책국장은 ""4차 산업혁명의 진전으로 고용환경의 변화는 직업훈련 분야의 혁신을 요구하고 있다""며 ""앞으로도 신기술 역량을 갖춘 미래인재를 양성해 혁신성장을 이끌어가겠다""고 밝혔다.kangse@newsis.com▶ 네이버에서 뉴시스 채널 구독하기▶ 뉴시스 빅데이터 MSI 주가시세표 바로가기<저작권자ⓒ 공감언론 뉴시스통신사. 무단전재-재배포 금지.>"
뉴시스,2019.04.26. 오전 11:06,"폴리텍 대전, 그리드원과 산·학 교류 협약", 【대전=뉴시스】유순상 기자 = 한국폴리텍Ⅳ대학 대전캠퍼스는 교내에서 ㈜그리드원과 4차 산업혁명 기술기반 핵심교육과정 개발 및 스마트팩토리 우수 인재 양성을 위한 산·학 교류 협약을 체결했다고 밝혔다. 양기관 관계자들이 기념촬영을 하고 있다. 2019.04.26.(사진=한국폴리텍Ⅳ대학 대전캠퍼스 제공)ssyoo@newsis.com<저작권자ⓒ 공감언론 뉴시스통신사. 무단전재-재배포 금지.>
뉴스1,2019.04.26. 오전 9:58,"한국폴리텍대학, 온라인 마케터 양성 국비 무료교육 나선다","  뉴스1(서울=뉴스1) 김수정 기자 = 한국폴리텍대학 정수캠퍼스는 오는 5월 20일부터 7월 15일까지 온라인마케터 240시간 과정과 메디컬스킨케어 270시간 등 2개 교육과정의 여성 국비무료 교육생을 모집한다고 밝혔다.이번 교육과정은 마케팅 전문인력은 물론 온라인 마케팅 역량을 기본으로 온라인 1인 대행사 취창업 인력 양성, 취업을 원하는 여성들에게 경제 변화에 대응할 수 있는 능력을 갖출 수 있는 전문인력 양성을 목표로 한다.이번 교육과정에서는 온라인 채널 분석과 콘텐츠 기획 제작, 홍보 마케팅 전략과 광고 운영 전략, 유통판매 전략 등 다양한 교육이 진행된다. 국내 유명 온라인 마케팅 전문가들이 직접 강사로 참여해 온라인 마케팅 전반적인 개요와 실무 전략까지 철저하게 알려준다.또 블로그와 유튜브, 인스타그램, 페이스북, 팟캐스트 등 온라인 마케팅 채널들을 직접 개설하고 효율적으로 운영하고 관리하는 방법을 익혀 현장 실무에 바로 적용할 수 있도록 도와준다. 이와 함께 기업의 온라인 마케팅 현황 진단과 통계 분석방법, 전략을 배울 수 있고 키워드 광고, SNS 광고, 바이럴&인플루언서 마케팅 방법 등을 세팅하고 운영하는 실무 방법도 학습할 수 있다.만 18세 이상 취업을 희망하는 여성 구직자면 누구나 지원신청할 수 있으며 면접전형을 통해 교육생 20~24명을 선발한다. 교육은 무료로 진행되며 중식 제공과 함께 월 최대 25만 원까지 훈련 수당과 교통비도 지급된다. 신청기간은 오는 5월 3일까지이고 교육은 5월 20일부터 7월 15일까지 평일 6시간씩 총 240시간 진행된다.이번 온라인마케터와 메디컬스킨케어 등 2개 교육과정에 대한 자세한 내용은 한국폴리텍대학 정수캠퍼스에 문의하면 가능하다.nohsm@news1.kr▶ [ 해피펫 ][ KFF포럼 2019 ]▶ 네이버 메인에서 [뉴스1] 구독하기![ 뉴스1코리아(news1.kr), 무단 전재 및 재배포 금지]"
뉴시스,2019.05.09. 오후 4:12,"폴리텍대 인천 P-TECH 평가, S등급 달성"," (사진=폴리텍대학교 인천캠퍼스 전경)【인천=뉴시스】 함상환 기자 = 한국폴리텍대학 인천캠퍼스는 최근 열린 '전국 P-TECH 성과평가'에서 최우수등급인 S등급을 달성했다고 9일 밝혔다.P-TECH 사업은 고교 단계부터 도제교육에 참여한 산학일체형 도제학교 졸업생을 대상으로 전문대학에서 전문성을 계속해서 키우는 고숙련 일학습병행 과정이다.이번 평가는 고용노동부 주관으로 P-TECH 사업을 운영하는 전국 12개 공동훈련센터를 대상, 정량평가와 정성평가가 진행됐다. 폴리텍대는 97.9점 높은 점수로 S등급을 받았다.한편 폴리텍대 인천 P-TECH 듀얼공동훈련센터는 금형디자인과와 기계시스템과를 중심으로 P-TECH 운영 시범대학으로서 교육훈련을 시작했으며 올해는 정보통신과를 추가 개설해 총 167개 기업의 268명 학습근로자를 대상으로 체계적인 교육훈련을 실시하고 있다.hsh3355@newsis.com▶ 네이버에서 뉴시스 채널 구독하기▶ 뉴시스 빅데이터 MSI 주가시세표 바로가기<저작권자ⓒ 공감언론 뉴시스통신사. 무단전재-재배포 금지.>"
연합뉴스,2019.05.10. 오후 2:40,"강원권 한국폴리텍Ⅲ대학, 8개 권역 중 만족도 1위"," 한국폴리텍대학 춘천캠퍼스 전경[한국폴리텍대학 춘천캠퍼스 제공](춘천=연합뉴스) 박영서 기자 = 한국폴리텍Ⅲ대학이 기획재정부 주관 2018년 공공기관 고객만족도 조사에서 폴리텍 권역 대학 중 1위를 차지했다고 10일 밝혔다.한국폴리텍대학은 '교육·연구' 그룹 19개 기관 중 81.6점으로 B등급을 받았다.이 중 폴리텍Ⅲ대학은 84.3점을 받아 8개 권역 대학 중 1위에 올랐다.폴리텍Ⅲ대학은 다른 지역과 견줘 인구와 기업체가 적음에도 1위라는 성과를 달성했다는 점에 의미를 부여했다.이상권 학장은 ""교직원이 한마음 한뜻으로 학생들을 가르치고 보살핀 결과""라며 ""앞으로 우리 대학 고객이 미래의 기술인력으로 훌륭히 성장할 수 있도록 최선을 다하겠다""고 말했다.conanys@yna.co.kr▶네이버 홈에서 [연합뉴스] 채널 구독하기▶뭐 하고 놀까? #흥▶쇼미더뉴스! 오늘 많이 본 뉴스영상"
매일경제,2019.05.10. 오전 10:15,"한국폴리텍대학, 국제협렵을 통해 항공분야 전문인력 양성에 박차"," - 이석행 이사장 싱가포르STA 방문- 항공MRO 전문인력 양성을 위한 글로벌 인증 자격 운영 협의테마섹 폴리텍 부국장 Mr. William See와 이석행 한국폴리텍대학 이사장이 악수를 나누고 있다. (사진제공=한국폴리텍대학)한국폴리텍대학이 국제협력을 통해 항공분야 전문인력 양성에 나선다.9일 한국폴리텍대학에 따르면 이석행 한국폴리텍대학 이사장은 싱가포르 STA(Singapore Technical Engineering Aerospace Ltd.) 항공우주기술교육센터와 테마섹 폴리텍을 방문해 항공정비 분야 글로벌 인증 프로그램(PART-147) 운영에 관한 사항과 협력 방안을 논의했다.테마섹 폴리텍은 싱가포르 최대 항공우주 및 엔지니어링 분야 특화 교육기관이다.▶네이버 메인에서 '매일경제'를 받아보세요▶뉴스레터 '매콤달콤' 구독▶무궁무진한 프리미엄 읽을거리[ⓒ 매일경제 & mk.co.kr, 무단전재 및 재배포 금지]"
뉴시스,2019.05.13. 오후 8:11,서울시교육청-한국폴리텍대 교육 협력 협약," 【서울=뉴시스】최진석 기자 = 조희연 서울시교육감과 이석행 학교법인 한국폴리텍 이사장이 13일 오후 서울 용산구 한국폴리텍대학 정수캠퍼스에서 '특성화고 현장실습 연계교육 개설 교류, 중.고등학생의 진로 교육 협력 등 미래핵심 역량을 갖춘 인재 양성을 위한 업무협약을 체결하고 있다.  2019.05.13. (사진=서울시교육청 제공)photo@newsis.com<저작권자ⓒ 공감언론 뉴시스통신사. 무단전재-재배포 금지.>"
뉴시스,2019.05.13. 오후 8:11,서울시교육청-한국폴리텍대 교육 협력 협약," 【서울=뉴시스】최진석 기자 = 조희연 서울시교육감과 이석행 학교법인 한국폴리텍 이사장이 13일 오후 서울 용산구 한국폴리텍대학 정수캠퍼스에서 '특성화고 현장실습 연계교육 개설 교류, 중.고등학생의 진로 교육 협력 등 미래핵심 역량을 갖춘 인재 양성을 위한 업무협약을 체결하고 있다.  2019.05.13. (사진=서울시교육청 제공)photo@newsis.com<저작권자ⓒ 공감언론 뉴시스통신사. 무단전재-재배포 금지.>"
연합뉴스,2019.05.13. 오후 5:29,"서울시교육청, 한국폴리텍과 인재 양성을 위한 업무협약"," (서울=연합뉴스) 조희연 서울시교육감(오른쪽)과 이석행 학교법인 한국폴리텍 이사장이 13일 오후 서울 용산구 한국폴리텍대학 정수캠퍼스에서 '특성화고 현장실습 연계교육 개설 교류, 중·고등학생의 진로 교육 협력 등 미래핵심 역량을 갖춘 인재 양성을 위한 업무협약을 체결한 뒤 기념촬영을 하고 있다. 2019.5.13 [서울시교육청 제공]photo@yna.co.kr▶네이버 홈에서 [연합뉴스] 채널 구독하기▶뭐 하고 놀까? #흥▶쇼미더뉴스! 오늘 많이 본 뉴스영상"
연합뉴스,2019.05.13. 오후 5:24,"한국폴리텍대학, 내달 5일 '제2회 코월드 해킹 방어대회' 개최"," ▲ 한국폴리텍대학 서울강서캠퍼스(학장 노정진)는 내달 5일 서울강서캠퍼스에서 '2019년 제2회 코월드(KO-WORLD) 해킹방어대회'를 개최한다고 13일 밝혔다.학교법인 한국폴리텍이 주최하고 폴리텍대 서울강서캠퍼스와 한국컴퓨터정보학회가 주관하는 이번 대회는 지난 1회와는 달리 4차산업혁명에 관한 아이디어 경진대회 형식으로 열릴 예정이다.서울강서캠퍼스 관계자는 ""최근 4차산업혁명 관련 신기술이 쏟아지는 한편 5G의 세계 최초 상용화로 인한 향후 정보통신기술 변화, 늘어나는 가상화폐 활용 기술 연구, 지역 화폐를 블록체인으로 도입하기 위한 새로운 아이디어 시도 등 관련 이슈가 발생하고 있다""며 ""정보보안 분야에서는 여전히 랜섬웨어가 기승을 부리고 있으며 특히 갠드크랩을 위주로 보다 진보된 형태의 위협이 나타나고 있는 실정""이라고 설명했다.이어 ""이번 대회는 기존의 해킹 방어대회와는 달리 새로운 아이디어를 발견하고 이를 공유하는 대회라는 점에서 의미가 있다""고 강조했다.참가 자격은 4차산업혁명에 관심 있는 자로 특히 정보보안 및 스마트금융 관련 해킹 기법이나 블록체인 등 정보통신기술(ICT) 관련 주제일 경우 누구나 참여할 수 있다.신청은 오는 26일까지 전자우편으로 가능하며, 보다 자세한 내용은 서울강서캠퍼스 홈페이지에서 확인할 수 있다.예선(서류 심사)을 통해 본선 진출팀을 선정 후 발표 심사를 통해 결선 진출자를 선별할 예정이다.시상은 대상(이사장상) 1팀, 우수상(학장상) 1팀, 장려상(학장상) 2팀, 입선(학회장상) 8팀으로 나눠 총 1천500만원 규모의 상금 및 상장을 수여할 계획이다.정보보안과 박재경 교수는 ""이번 대회에서 제시된 새로운 형태의 아이디어를 한국컴퓨터정보학회 논문지에 추천하고 이를 활용한 기술 개발을 여러 업체와 진행해 갈 예정""이라며 ""최근 4차산업혁명과 관련된 여러 이슈와 연계해 연구를 진행할 경우 보다 적극적인 해결방법이 될 수 있을 것으로 판단하며 학계 및 산업계가 관심을 가지길 바란다""고 말했다.박 교수는 ""대회에서 아직 많은 연구가 이뤄지지 않은 새로운 아이디어가 많이 나와서 향후 새로운 시대를 맞이하기 위한 기폭제가 될 수 있길 희망한다""고 덧붙였다. (연합뉴스)▶네이버 홈에서 [연합뉴스] 채널 구독하기▶뭐 하고 놀까? #흥▶쇼미더뉴스! 오늘 많이 본 뉴스영상"
뉴스1,2019.05.13. 오후 5:20,서울교육청·한국폴리텍대학 업무협약," 조희연 서울시교육감(오른쪽)과 이석행 학교법인 한국폴리텍 이사장이 13일 오후 서울 용산구 한국폴리텍대학 정수캠퍼스에서 '특성화고 현장실습 연계교육 개설 교류, 중.고등학생의 진로 교육 협력 등 미래핵심 역량을 갖춘 인재 양성을 위한 업무협약을 체결하고 있다. (서울시교육청 제공) 2019.5.13/뉴스1photo@news1.kr▶ [ 해피펫 ][ KFF포럼 2019 ]▶ 네이버 메인에서 [뉴스1] 구독하기![ 뉴스1코리아(news1.kr), 무단 전재 및 재배포 금지]"
연합뉴스,2019.05.15. 오후 6:20,"폴리텍대 춘천, 남양주기술교육센터 개소"," (춘천=연합뉴스) 한국폴리텍대학 춘천캠퍼스가 15일 경기 남양주시청 제2청사 평생학습원에서 남양주기술교육센터 개소식을 열어 관계자들이 기념사진을 찍고 있다. 폴리텍대 춘천캠퍼스는 남양주기술교육센터에서 중소기업 재직자를 대상으로 에너지설비, 전기설비, 용접 분야 등 총 15개 과정을 교육할 예정이다. 2019.5.15 [한국폴리텍대학 춘천캠퍼스 제공]conanys@yna.co.kr▶네이버 홈에서 [연합뉴스] 채널 구독하기▶뭐 하고 놀까? #흥▶쇼미더뉴스! 오늘 많이 본 뉴스영상"
연합뉴스,2019.05.15. 오후 6:19,"폴리텍대 춘천, 남양주기술교육센터 개소"," (춘천=연합뉴스) 한국폴리텍대학 춘천캠퍼스가 15일 경기 남양주시청 제2청사 평생학습원에서 남양주기술교육센터 개소식을 하고 있다. 폴리텍대 춘천캠퍼스는 남양주기술교육센터에서 중소기업 재직자를 대상으로 에너지설비, 전기설비, 용접 분야 등 총 15개 과정을 교육할 예정이다. 2019.5.15 [한국폴리텍대학 춘천캠퍼스 제공]conanys@yna.co.kr▶네이버 홈에서 [연합뉴스] 채널 구독하기▶뭐 하고 놀까? #흥▶쇼미더뉴스! 오늘 많이 본 뉴스영상"
뉴시스,2019.05.17. 오후 2:22,"폴리텍 대전, '대전VR/AR제작거점센터'와 MOU"," 【대전=뉴시스】유순상 기자 =한국폴리텍Ⅳ대학 대전캠퍼스 VR미디어콘텐츠과가 17일 교내에서 '대전VR/AR제작거점센터'와 프로그램 공동 운영 등을 위한 양해각서(MOU)를 체결한 가운데 관계자들이 기념촬영을 하고 있다. 이 학과는 지난해 고용노동부에서 30억원을 지원받아 최첨단 VR장비 및 교육환경을 구축, 첫 입학생 21명을 교육하고 있다. 2019.05.17.(사진=배재대 제공)photo@newsis.com<저작권자ⓒ 공감언론 뉴시스통신사. 무단전재-재배포 금지.>"
중앙일보,2019.05.23. 오후 3:11,ICT폴리텍대학 재학생 “취업역량강화” 캠프 시행," ICT폴리텍대학(학장 김철완)은 지난 21일과 22일 양일간 대학 재학생들의 취업역량 강화를 위한 ‘2019 취업역량강화 캠프’를 열었다.ICT폴리텍대학은 매년 전교생을 대상으로 취업컨설팅 전문프로그램 진행 및 다양한 취업 지원을 시행하고 있다.이번 취업캠프에서는 “취업의 비법”이란 주제로 300여명의 학생들이 NCS기반 능력중심 블라인드 채용의 이해와 직무에 필요한 역량분석, DISC진단을 통한 객관적 자기분석 등 핵심역량을 바탕으로 취업 전략을 수립하였으며, 특히, 2학년 학생들은 입사지원서, 자기소개서 작성 실습, 스피치 컨설팅, 모의 면접을 통해 실전 취업 역량을 키웠다.이번 취업역량강화 캠프에 참가한 모바일통신학과 김용건 학생은 “이번 캠프를 통해 기업이 원하는 인재상을 알게 되었고 취업 준비에 많은 도움이 됐다”고 소감을 말했다.김철완 ICT폴리텍대학 학장은 “우리 대학은 본교 재학생들의 취업 역량 강화를 통해 학생들의 취업 만족도 증대와 정보통신기업체의 졸업생 만족도 증대를 위해 꾸준히 노력할 것”이라고 밝혔다.아울러, 행사 기간중 군 미필자 학생들을 대상으로 고용노동부와 병무청에서 시행하는 취업맞춤특기병 설명회도 가졌다.취업맞춤특기병은 군 입영전 기술훈련을 수료하고 해당분야 기술병으로 군 복무, 전역 후 취업을 지원하는 현역병 모집분야로 ICT폴리텍대학  학생들은 소정의 기술훈련(3개월~1년)을 이수하지 않고도 취업맞춤특기병으로 지원해 원하는 시기에 군복무가 가능하다.한편, ICT폴리텍대학은 정부가 지원하는 ICT분야 특성화 대학으로 저렴한 등록금, 높은 취업률, 국가기술자격증 취득, 다양한 장학 혜택 등 장점이 풍부하여 진로를 고민하는 수험생들 뿐만 아니라, 군 제대후 취업을 준비하는 청년들에게도 인기가 많은 대학이다.온라인 중앙일보▶네이버 메인에서 중앙일보를 받아보세요▶중앙일보 '홈페이지'/'페이스북' 친구추가ⓒ중앙일보(https://joongang.co.kr), 무단 전재 및 재배포 금지"
연합뉴스,2019.05.29. 오후 2:27,"충남도-한국폴리텍대학, 기술인력 양성 MOU"," 충남도-한국폴리텍대학, 기술인력 양성 MOU[충남도 제공=연합뉴스](홍성=연합뉴스) 박주영 기자 = 충남도는 29일 도청 상황실에서 한국폴리텍대학과 '전문 기술인력 양성 및 취업 지원을 위한 업무협약'을 체결했다.협약식은 양승조 충남지사와 이석행 한국폴리텍대학 이사장 등이 참석한 가운데 경과보고, 협약 설명, 서명과 교환 등 순으로 진행됐다.두 기관은 '산업 전환기' 신산업 종사자에 대한 교육, 청년 기술 교육, 일자리 사업 발굴, 폴리텍대학 활성화와 입지 확대 등을 위해 협력하기로 했다.도는 앞으로 추진할 충남형 일자리 창출 사업에 한국폴리텍대학의 전문 기술인력 양성 인프라를 활용할 계획이다.양 지사는 ""하반기부터 인력이 필요한 기업과 일자리가 필요한 도민을 연결해 주는 '일자리 굿 매칭 사업'을 시작할 계획""이라며 ""한국폴리텍대학과 협업해 사업을 성공적으로 추진하겠다""고 말했다.jyoung@yna.co.kr▶네이버 홈에서 [연합뉴스] 채널 구독하기▶뭐 하고 놀까? #흥▶쇼미더뉴스! 오늘 많이 본 뉴스영상"
뉴시스,2019.05.31. 오후 1:43,폴리텍 대전 우신전자산업 장학금 전달식 ," 【대전=뉴시스】유순상 기자 = 한국폴리텍IV대학 대전캠퍼스는 교내에서 우신전자산업㈜ 장학금 전달식을 개최, 스마트소프트웨어과 1학년 표상우씨 등 5명에게 총 250만원의 장학금을 전달했다고 31일 밝혔다. 이인호(왼쪽 네번째) 학장과 심순택(가운데)대표, 수혜 학생 등이 기념촬영을 하고 있다. 2019.05.31.(사진=한국폴리텍IV대학 대전캠퍼스 제공)photo@newsis.com<저작권자ⓒ 공감언론 뉴시스통신사. 무단전재-재배포 금지.>"
매일경제,2019.06.04. 오후 3:52,"폴리텍,“스마트공장 전문인력 4,400명 키운다”"," - 2020 스마트공장 확산 대비, 특화캠퍼스에서 기초중간단계 인력 양성<사진설명 : `중소기업 스마트공장 보급 확산 및 인력 양성을 위한 포럼`에 참석한 관계자들이 스마트공장을 구현한 제조 공정 모형에 대하여 설명을 듣고 있다. 사진 왼쪽에서부터 이석행 한국폴리텍대학 이사장, 고용노동부 장신철 직업능력정책국장, (주)빛컨 이동찬 연구소장, 중소벤처기업부 김영태 기술혁신정책관, (주)빛컨 김민규 대표.</em>한국폴리텍대학(이사장 이석행, 이하 폴리텍)이 4일 서울정수캠퍼스에서 열린 ‘중소기업 스마트공장 보급확산 및 인력 양성을 위한 포럼’에서 2020년까지 스마트공장 전문 인력 4,400명을 키우겠다고 밝혔다.그간 스마트공장 도입 효과*에 대한 인식이 높아지면서도, 현안으로 남아있는 인력 부족 문제를 해소하기 위해서다.이를 위해 폴리텍은 스마트공장 특화캠퍼스를 지정(인천, 창원)하고, ‘러닝팩토리(Learning Factory, 공정 전 단계 융합 훈련이 가능한 실습지원센터)’를 구축*하는 한편 생산정보 수집분석 및 시스템 기반 공정제어 교육이 가능하도록 학과를 개편한다. 스마트공장 도입 초기 단계에서 필요로 하는 신규 인력을 양성함은 물론, 스마트공장 구축 이후에 근로자 직무 능력 향상을 위한 심화 교육에도 나선다.정부의 스마트공장 선도 산단 선정과 연계해 특화캠퍼스를 10곳까지 늘려, 2022년에는 기초중간단계 수준의 전문 인력 4,400명을 양성할 계획이다.이석행 폴리텍 이사장은 “스마트공장이 현장에 안착하려면 전문 인력 확보가 성패를 가를 것”이라며 “우수한 기술 인재와 산업 현장을 연결해 제조업에 혁신의 숨을 불어넣을 것”이라고 말했다.▶네이버에서 '매일경제' 뉴스 구독하고 경품 받아가세요▶뉴스레터 '매콤달콤' 구독▶무궁무진한 프리미엄 읽을거리[ⓒ 매일경제 & mk.co.kr, 무단전재 및 재배포 금지]"
연합뉴스,2019.06.05. 오후 5:27,"여가부, 한국폴리텍대학과 이주배경·학교밖 청소년 지원 업무협약", (서울=연합뉴스) 진선미 여성가족부 장관과 한국폴리텍대학 이석행 이사장이 5일 오후 정부서울청사에서 이주배경·학교밖 청소년 지원 및 성평등 문화 확산을 위한 업무협약 체결 후 기념촬영을 하고 있다. 2019.6.5 [여성가족부 제공. 재판매 및 DB 금지]photo@yna.co.kr▶네이버 홈에서 [연합뉴스] 채널 구독하기▶뭐 하고 놀까? #흥▶쇼미더뉴스! 오늘 많이 본 뉴스영상
매일경제,2019.06.14. 오후 7:56,"“폴리텍-도로교통공단, 지역연계 홍보체계 구축 협력”"," - 전국 36개 캠퍼스와 11개 교통방송국 간 협업체계 구축 및 공공의 역할 상호 홍보한국폴리텍대학 이석행 이사장(왼쪽)과 도로교통공단 윤종기 이사장이 13일 인천 구산동 폴리텍 법인 청사에서 ‘공공서비스강화 및 지역연계 홍보체계 구축을 위한 업무협약’을 체결한 후 기념촬영을 하고 있다. <사진제공 : 한국폴리텍대학>한국폴리텍대학(이사장 이석행, 이하 폴리텍)이 도로교통공단(이사장 윤종기)와 공공서비스 강화와 지역연계 홍보체계 구축을 위한 업무협약을 체결했다고 13일 밝혔다.양 기관은 이번 협약에 따라 공공의 역할에 대해 상호 홍보하고, 폴리텍 36개 캠퍼스와 도로교통공단 11개 교통방송국 간 협업체계를 구축하는 데 긴밀히 협력한다.이번 업무협약은 사업 영역이 다른 두 기관이 국민을 위한 공공서비스를 제공한다는 데 특성이 같음을 인지하고, 홍보를 매개로 협력기반을 조성하는 계기라는 점에서 의미가 있다.이석행 이사장은 “국민에게 꼭 필요한 일자리교육 정보가 다양한 채널을 통해 보다 효과적으로 전달될 것”이라며 “양 기관의 공공의 역할 강화와 사회적 가치 실현에 시너지 효과를 기대한다”고 말했다.▶네이버에서 '매일경제' 뉴스 구독하고 경품 받아가세요▶뉴스레터 '매콤달콤' 구독▶무궁무진한 프리미엄 읽을거리[ⓒ 매일경제 & mk.co.kr, 무단전재 및 재배포 금지]"
연합뉴스,2019.06.14. 오후 3:37,"[게시판] 전기안전교육원-아산 폴리텍대, 융복합 기술인재 양성 MOU"," ▲ 한국전기안전공사 전기안전교육원(원장 오인록)은 14일 한국폴리텍대학교 아산캠퍼스(학장 장우영)와 4차 산업혁명에 대비한 융·복합 기술인재 양성을 위한 업무협약(MOU)을 체결했다고 밝혔다. 협약에는 전기안전 교육 및 기술교류, 지역산업 맞춤인재 양성, 실습장 등 시설 상호이용 등이 담겼다. (서울=연합뉴스)전기안전교육원-아산 폴리텍대 기술인재 양성 MOU[전기안전교육원 제공]▶네이버 홈에서 [연합뉴스] 채널 구독하기▶뭐 하고 놀까? #흥▶쇼미더뉴스! 오늘 많이 본 뉴스영상"
한국경제,2019.06.24. 오후 6:09,폴리텍대·국제협력단 업무협약," 한국폴리텍대(이사장 이석행·사진)는 한국국제협력단(KOICA)과 24일 폴리텍대 인천캠퍼스 러닝팩토리(공동실습장)에서 ‘국제협력사업 활성화 및 발전을 위한 업무협약’을 맺었다. 두 기관은 폴리텍대 퇴직(예정) 교원의 국제개발협력사업 참여 확대, 해외 봉사활동 활성화에 협력하기로 했다. 폴리텍대는 교원이 퇴직 뒤에도 자문단, 봉사단으로 활동할 수 있도록 역량 개발을 지원한다.▶네이버에서 한국경제 뉴스를 받아보세요▶한경닷컴 바로가기▶모바일한경 구독신청ⓒ 한국경제 &hankyung.com, 무단전재 및 재배포 금지"
뉴시스,2019.06.24. 오후 5:14,"코이카, 한국폴리텍대학과 직업기술교육 해외봉사 협력 확대", 【서울=뉴시스】 이윤청 기자 = 이미경(왼쪽 여섯번째) 코이카(KOICA) 이사장과 이석행(왼쪽 일곱번째) 한국폴리텍대학 이사장이 24일 인천 부평구 한국폴리텍대학 인천캠퍼스에서 열린 '국제협력사업 활성화를 위한 한국국제협력단-한국폴리텍대학 업무협약식'에서 기념촬영을 하고 있다. 2019.06.24. (사진=KOICA 제공)photo@newsis.com<저작권자ⓒ 공감언론 뉴시스통신사. 무단전재-재배포 금지.>
연합뉴스,2019.06.25. 오전 9:00,"법원 ""교원 성비위 은폐한 폴리텍대 지역대학장 '정직' 정당"""," 정직 3개월 처분 불복해 소송…법원 ""재발방지 위해 징계 필요""(서울=연합뉴스) 김은경 기자 = 교원의 성(性) 비위를 학교에 보고하지 않고 은폐했다는 사유로 정직 처분을 받은 폴리텍대학 지방캠퍼스 지역대학장의 징계는 정당하다는 법원의 판단이 나왔다.25일 법조계에 따르면 서울행정법원 행정13부(장낙원 부장판사)는 전 한국폴리텍대학 지역캠퍼스 대학장인 A 씨가 교원소청심사위원회를 상대로 제기한 정직 3개월 처분 취소 청구 소송에서 원고 패소로 판결했다.대학은 A 씨가 교원의 성추행 사건을 은폐하려 했고, 출퇴근 및 토요일에 업무용 차량을 사용했으며 직무 권한을 남용해 용역원에게 운전을 시켰다는 사유로 지난해 8월 정직 3개월의 처분을 내렸다.A 씨는 용역원 운전 외의 징계 사유들은 사실관계를 인정하고 반성한다고 밝혔으나 정직 처분이 지나치게 무겁다며 이를 취소해달라고 청구했다.A 씨는 ""성추행 사건이 발생한 지 1년 정도 지났고, 과거에 합의가 이뤄졌으며 피해자의 부모가 공론화를 반대했다""며 ""동료 교수들이 보고를 만류했고, 가해자가 혈액암 투병 중이었기에 동정심이 들었다""고 주장했다.하지만 재판부는 A 씨에게 내려진 징계가 정당하다고 판단했다.재판부는 ""원고는 교원의 성추행 사실을 확인했음에도 이를 은폐하기 위해 이미 만들어진 사건 보고서를 폐기하고 법인 보고 결재 문서를 회수하도록 했다""며 ""비위의 정도가 중하고, 재발 방지를 위해서라도 엄히 징계할 필요가 있다""고 밝혔다.또 ""원고의 주장은 대학에서 성추행 사건을 보고할 의무에 아무런 영향을 미치지 못하므로 정상 참작의 요소가 될 수 없다""고 강조했다.재판부는 ""성추행 사건 은폐는 '파면'의 징계 처분이 가능한데 원고에게는 그에 미치지 못하는 '정직 3개월' 처분이 내려졌다""며 ""대학이 원고의 공적 및 주변인들이 낸 탄원서 등 원고에게 유리한 정상을 참작해 정직 처분을 한 것으로 보이니 징계 양정은 적정하다""고 판시했다.bookmania@yna.co.kr▶네이버 홈에서 [연합뉴스] 채널 구독하기▶뭐 하고 놀까? #흥▶쇼미더뉴스! 오늘 많이 본 뉴스영상"
연합뉴스,2019.06.26. 오후 4:57,"한국폴리텍 강원, 모든 캠퍼스에 '러닝팩토리' 추진"," 한국폴리텍대학 춘천캠퍼스 전경[한국폴리텍대학 춘천캠퍼스 제공=연합뉴스 자료사진](춘천=연합뉴스) 박영서 기자 = 한국폴리텍Ⅲ(강원)대학은 4차 산업혁명 대비 융복합기술 인재 양성을 위한 '러닝팩토리'(Learning-Factory) 구축을 추진 중이라고 26일 밝혔다.러닝팩토리는 제품 생산 전체 공정이 한 곳에서 연결되도록 다양한 교과 실습 장비를 한 곳에 갖춘 실습장을 말한다.칸막이식 학과 운영에서 벗어나 여러 학과가 한 곳에서 프로젝트 실습을 할 수 있다는 장점이 있다.폴리텍Ⅲ대학은 9월까지 춘천, 원주, 강릉 등 도내 모든 캠퍼스에 800㎡ 안팎 규모로 러닝팩토리를 구축할 계획이다.이상권 학장은 ""러닝팩토리가 개관하면 지역 청소년 진로체험과 지역기업 제품 개발에 크게 이바지함은 물론 직업교육 패러다임을 전환하는 계기가 될 것""이라고 말했다.conanys@yna.co.kr▶네이버 홈에서 [연합뉴스] 채널 구독하기▶뭐 하고 놀까? #흥▶쇼미더뉴스! 오늘 많이 본 뉴스영상"
연합뉴스,2019.07.09. 오후 6:02,"한국폴리텍 춘천캠퍼스, 2년 연속 인력양성사업 최우수"," 한국폴리텍대학 춘천캠퍼스 전경[한국폴리텍대학 춘천캠퍼스 제공](춘천=연합뉴스) 박영서 기자 = 한국폴리텍Ⅲ(강원)대학 춘천캠퍼스는 지역·산업 맞춤형 인력양성사업 공동훈련센터 성과 평가에서 2년 연속 최우수등급을 받았다고 9일 밝혔다.춘천캠퍼스는 인프라구축, 훈련 운영과 실적 등 16개 항목에서 100점 만점에 90.6점을 받아 A등급을 획득했다.특히 2014년 지역·산업 맞춤형 인력양성사업 공동훈련센터로 뽑힌 뒤 남이섬, 케이디파워 등 도내 400여개 중소기업과 협약을 맺고, 협약기업에서 필요로 하는 교육과정을 개발·운영해 기술력과 경쟁력을 높였다는 평가를 받았다.이상권 한국폴리텍Ⅲ대학장은 ""앞으로도 고용노동부, 한국산업인력공단과 협력해 일자리 특화대학으로서 지역사회에 양질의 일자리를 창출하고, 중소기업 경쟁력을 높이기 위해 최선을 다하겠다""고 말했다.conanys@yna.co.kr▶확 달라진 연합뉴스 웹을 만나보세요▶네이버 [연합뉴스] 채널 구독▶뭐 하고 놀까? #흥"
중앙일보,2019.07.10. 오후 2:16,한국국제경영학회 홍콩폴리텍대학 국제학술대회 개최," 세종대 김대종 교수 “세계 무역전쟁, 한국은 교역 확대·다변화 기회”한국국제경영학회와 국제경영관리학회 회원들이 중국 심천의 ZTE를 방문했다.한국국제경영학회(중앙대 김동순 회장)와 국제경영관리학회(단국대 김주태 회장)가 지난 6월 29일(토) 홍콩폴리텍대학에서 공동으로 국제학술대회를 개최했다. 미국, 일본, 베트남 그리고 홍콩 등에서 온 50여명 교수들의 논문 총 40여편이 발표되었다.이번 국제학술대회에서는 중국의 최우수 통신회사인 ZTE(중흥통신)와 한국의 오스템인플란트를 방문하였다. 오스템인플란트는 시가총액이 1조가 넘는 우리나라 중소기업으로서 중국내 인플란트 시장점유율 1위를 달성하고 있다. 교수들은 오스템인플란트가 세계 최고의 기업이 될 수 있도록 기업전략과 중국진출 방법 등 열띤 토론을 벌였다.홍콩폴리텍대학에서 논문을 발표한 세종대 김대종 교수세종대(총장 배덕효) 김대종 경영학부 교수는 이날 “세계 무역전쟁에서 한국은 위기를 기회로 삼아야 한다”는 주제로 논문을 발표했다.김 교수는 “ 미·중 무역전쟁과 한·일간의 통상분쟁으로 한국은 큰 피해를 입을 것으로 추정된다. 그러나 위기를 잘 극복하면 오히려 기회가 된다. 한국은 교역시장을 다변화 하고, 확대하는 계기로 만들어야 한다. 이를 위하여 아시아, 중동, 남미, 아프리카, CPTTP(포괄적·점진적 환태평양경제동반자협정) 그리고  RCEP(역내포괄적경제동반자협정) 등에 가입하여 무역시장을 확대해야 한다”라고 말했다.그는 “한국의 무역 의존도는 약 80%에 이른다. 우리나라의 주요한 교역 상대국의 국가별 비중은 중국(33%), 미국(10%), 일본(7%) 순이다. 한국은 중국에 대한 교역의존도 33%를 중국이 세계경제에서 차지하는 비중인 12%로 낮추어야 한다. 일본에 대한 반도체 부품과 소재 산업 의존도 역시 90%에서 30%까지 낮추어야 한다. 이번 기회에 수입처를 미국과 유럽 등으로 다변화하고, 국내 소재 산업육성의 기회로 만들어야 한다”고 주장했다.김 교수는 “일본의 5천 억원 반도체 재료 수출금지 조치가 한국 전체 수출의 20%를 차지하는 176조원 반도체 수출을 못하게 막을 수 있다. 꼬리가 몸통을 흔들고 있다. 한국은 2018년 말 기준으로 일본에서 약 60조원을 수입하고, 30조원을 수출했다”며,“한국은 일본으로부터 수입한 반도체 제조장비와 재료를 이용하여 반도체 완제품을 만들어 전세계에 공급해왔다. 이러한 반도체 공급사슬이 무너지게 되면 애플, 구글, 그리고 아마존 등 전세계 IT기업들 역시 큰 타격을 받게된다”고 말했다.그는“일본에서 전자부품 수입은 한국경제에 매우 중요하다. 과거의 일은 미래세대로 미루고 우리의 국력을 키우는 계기로 삼는 것도 대안이다. 지금부터 한국은 반도체 소재와 부품산업의 자국 경쟁력을 키우고, 교역확대를 지속적으로 추진한다면 전화위복이 될 것이다”라고 힘주어 말했다.온라인 중앙일보▶네이버 메인에서 중앙일보를 받아보세요▶중앙일보 '홈페이지'/'페이스북' 친구추가ⓒ중앙일보(https://joongang.co.kr), 무단 전재 및 재배포 금지"
파이낸셜뉴스,2019.07.11. 오후 4:49,"한국폴리텍대학, 제 11회 미래내모습그리기대회 개최"," 오는9월20일까지우편또는온라인으로접수고용부,교육부,여가부장관상등시상,총상금2,720만원규모[사진=한국폴리텍대학 제공]한국폴리텍대학(이사장 이석행)이 전국 유치원, 초·중·고교생 등 청소년(만 18세 미만)을 대상으로 '제11회 미래내모습그리기대회'를 개최한다.미래내모습그리기대회는 직업 세계에 대한 이해와 다양한 직업관 형성을 돕기 위해 직업을 주제로 미래의 자화상이나 꿈을 이뤄나가는 과정을 표현하는 행사다.지난 2009년부터 2018년까지 총 13만 6786명이 참가해 3504명의 작품이 우수작으로 선정됐다.작품 접수기간은 오는 9월 20일까지이며 우편 또는 온라인으로 접수 가능하다.작품 규격은 8절(유치부·초등부) 또는 4절(중·고등부) 켄트지에 직접 그리거나 컴퓨터를 활용한 그림으로 재료와 기법에는 제한이 없다.웹툰의 경우 가로 720픽셀, 해상도 300dpi, 4컷 이상 20컷 이하의 jpg형식이며 한국폴리텍대학의 하이테크과정과 러닝팩토리 관련 작품은 심사할 때 우대한다.그림과 웹툰 부문의 중복 지원은 불가능하다.시상은 전체 434점을 대상으로 하며 총 상금은 2720만원 규모다.올해는 상훈을 확대해 부문별 대상으로 고용부장관상, 교육부장관상, 여성가족부장관상을 수여한다.수상작은 오는 10월 16일 한국폴리텍대학 홈페이지를 통해 게시되며, 우수작을 선별해 별도의 전시회도 갖는다.이석행 이사장은 ""어린이와 청소년들이 무궁무진한 직업 세계를 탐색해보면서 꿈을 찾고 미래를 그려보는 계기가 되길 바란다""며 ""소중한 꿈을 실현하는 데 필요한 역량을 기르고, 능력과 적성을 잘 살려 사회에 진출할 수 있도록 든든한 조력자가 되겠다""고 전했다.#한국폴리텍대학 #미래내모습그리기대회 #상금sunset@fnnews.com 이혜진 기자▶ 헉! 소리나는 스!토리 뉴스 [헉스]▶ 클릭해, 뉴스 들어간다 [뉴스쿨]▶ 세상에 이런일이 [fn파스]※ 저작권자 ⓒ 파이낸셜뉴스. 무단 전재-재배포 금지"
동아일보,2019.07.12. 오전 3:04,“50~64세 기술교육 콘텐츠 개발”… 50플러스재단-폴리텍大 MOU," 서울시50플러스재단과 한국폴리텍대는 11일 서울 마포구 재단 중부캠퍼스에서 업무 협약식을 맺고 50플러스세대(만 50∼64세)에게 적합한 기술교육 콘텐츠를 공동 개발하기로 했다고 11일 밝혔다. 두 기관은 이번 협약식을 계기로 기술교육, 협동조합 설립, 창업경진대회 개최 등 각 기관의 장점을 살린 다양한 협력 사업을 진행한다. 재취업 과정 연계 컨설팅과 직업상담 서비스도 추진한다. 김영대 서울시50플러스재단 대표이사는 “최근 직업의 패러다임이 빠르게 변해 개인의 노력만으로 살아남기 어렵다”며 “꼭 필요한 역량을 키우고 새롭게 도약할 수 있는 계기가 마련되길 바란다”고 말했다.홍석호 기자 will@donga.com▶ 동아일보 단독 뉴스/트렌드 뉴스▶ 네이버 홈에서 [동아일보] 채널 구독하기ⓒ 동아일보 & donga.com, 무단 전재 및 재배포 금지"
뉴시스,2019.07.17. 오전 10:16,"한국폴리텍대학, 기계연구원와 협력 협약", 【대전=뉴시스】유순상 기자 =16일 대전 한국기계연구원(원장 박천홍)에서 한국폴리텍대학(이사장 이석행)과 '기계시스템 분야 가상공학 교육'을 위한 상호협력 협약식이 열린 가운데 참석자들이 기념촬영을 하고 있다. 가상공학 교육 지원 및 역량강화를 위한 것으로 4차 산업혁명 전문기술과 일자리 창출 및 취업지원 등에서 협력한다. 2019.07.17.(사진=한국폴리텍대학 대전캠퍼스 제공)photo@newsis.com<저작권자ⓒ 공감언론 뉴시스통신사. 무단전재-재배포 금지.>
이데일리,2019.07.19. 오후 4:19,[포토]임서정 고용부 차관 폴리텍서 가상 용접 시스템 체험," [이데일리 김소연 기자]19일 오후, 임서정 고용노동부 차관이 한국폴리텍대학 러닝팩토리(공동실습장)를 방문해 가상 용접 시스템을 체험하고 있다.사진=폴리텍 제공김소연 (sykim@edaily.co.kr)네이버 홈에서 ‘이데일리’ 뉴스[구독하기▶]꿀잼가득[영상보기▶], 청춘뉘우스~[스냅타임▶]＜ⓒ종합 경제정보 미디어 이데일리 - 무단전재 & 재배포 금지＞"
이데일리,2019.07.19. 오후 4:16,[포토]임서정 고용부 차관 폴리텍 '러닝팩토리' 방문," [이데일리 김소연 기자]19일 오후, 임서정 고용노동부 차관이 한국폴리텍대학 러닝팩토리(공동실습장)를 방문해 제품 공정 전 단계 융합 교육 보고를 받고 있다. [사진=폴리텍 제공]김소연 (sykim@edaily.co.kr)네이버 홈에서 ‘이데일리’ 뉴스[구독하기▶]꿀잼가득[영상보기▶], 청춘뉘우스~[스냅타임▶]＜ⓒ종합 경제정보 미디어 이데일리 - 무단전재 & 재배포 금지＞"
뉴시스,2019.07.26. 오전 10:49,폴리텍 대전 '고교생 모바일로봇 기술경진대회' ," 【대전=뉴시스】 한국폴리텍IV대학 대전캠퍼스는 지난 23일부터 25일까지 교내에서 전국 10개고 학생들이 참가한 가운데 '제6회 전국 고교생 모바일로봇 기술경진대회' 개최했다고 26일 밝혔다. 경남공고 곽한호, 곽영서 군이 고용노동부 장관상(대상)을 받은 가운데 이인호 학장이 수상자 등과 기념촬영을 하고 있다. 2019.07.26.(사진=폴리텍 대전캠퍼스 제공)photo@newsis.com<저작권자ⓒ 공감언론 뉴시스통신사. 무단전재-재배포 금지.>"
연합뉴스,2019.08.19. 오후 6:17,"폴리텍대 춘천, 금융행정사무원 실무과정 입교식", (춘천=연합뉴스) 한국폴리텍Ⅲ(강원)대학 춘천캠퍼스가 19일 오후 경기도 남양주시청 제2청사에 있는 남양주기술교육센터에서 여성 취업을 위한 금융행정사무원 실무과정 입교식을 하고 있다. 2019.8.19 [한국폴리텍Ⅲ대학 춘천캠퍼스 제공. 재판매 및 DB 금지]conanys@yna.co.kr▶확 달라진 연합뉴스 웹을 만나보세요▶네이버 [연합뉴스] 채널 구독▶뭐 하고 놀까? #흥
연합뉴스,2019.08.19. 오후 6:17,"폴리텍대 춘천, 금융행정사무원 실무과정 입교식", (춘천=연합뉴스) 한국폴리텍Ⅲ(강원)대학 춘천캠퍼스가 19일 오후 경기도 남양주시청 제2청사에 있는 남양주기술교육센터에서 여성 취업을 위한 금융행정사무원 실무과정 입교식을 마친 뒤 기념사진을 찍고 있다. 2019.8.19 [한국폴리텍Ⅲ대학 춘천캠퍼스 제공. 재판매 및 DB 금지]conanys@yna.co.kr▶확 달라진 연합뉴스 웹을 만나보세요▶네이버 [연합뉴스] 채널 구독▶뭐 하고 놀까? #흥
뉴시스,2019.08.19. 오후 5:51,폴리텍 대전 '벤처창업아이템경진대회' 금상 , 【대전=뉴시스】유순상 기자 = 한국폴리텍Ⅳ대학 대전캠퍼스는 서울 한국폴리텍대학 정수캠퍼스에서 열린 '제3회 벤처창업아이템경진대회' VR미디어콘텐츠과 학생들이 금상과 동상을 수상했다고 19일 밝혔다. 수상자들이 교내에서 이인호(앞줄 왼쪽 다섯번째) 학장 등과 기념촬영을 하고 있다. 2019.08.19.(사진=대전캠퍼스 제공)photo@newsis.com<저작권자ⓒ 공감언론 뉴시스통신사. 무단전재-재배포 금지.>
연합뉴스,2019.08.20. 오후 4:45,'무산 위기' 한국폴리텍대학 밀양캠퍼스 설립 결정," 옛 밀양대 부지에 2022년 개교…""나노특성화 전문인력 공급""폴리텍대학 밀양캠퍼스 조감도[밀양시 제공. 재판매 및 DB금지](밀양=연합뉴스) 정학구 기자 = '들어서느냐, 마느냐'를 놓고 설왕설래를 거듭했던 한국폴리텍대학 밀양캠퍼스가 2022년 개교를 목표로 설립되는 쪽으로 결정됐다.밀양시는 한국폴리텍대학이 최근 내이동 옛 밀양대학교 부지에 밀양캠퍼스 설립을 재개하기로 결정했다고 20일 밝혔다.밀양캠퍼스는 2015년 사업계획 결정 후 실시설계에 착수했지만, 학령인구 감소와 전문대학 기능 중복 등 전국 폴리텍대학 캠퍼스에 대한 종합 조직진단에서 부정적 결과가 나오면서 2017년 7월 사업이 일시중단 됐다.이에 박일호 시장을 중심으로 밀양시는 나노특성화 밀양캠퍼스의 차별성, 밀양시의 인력수요전망, 학생모집 전략과 취업 예상, 캠퍼스의 지리적 우수성, 향후 미래산업의 변화예상 등 세부적인 전략을 수립해 끈질기게 설득작업을 해왔다.이 결과 최근 한국폴리텍대학으로부터 밀양캠퍼스 설립추진단을 본격 구성·운영한다는 통보를 받은 것이다.밀양시는 관내 기업체에 나노특성화 전문인력을 차질없이 공급하게 됨으로써 전문 인력난을 이유로 소도시를 기피하는 기업체 유치에 청신호가 켜졌고, 침체한 지역경제에도 새로운 활력을 불어 넣을 것으로 기대하고 있다.한국폴리텍대학 밀양캠퍼스는 나노 관련 1·2학년 정규과정 4개 학과 300명, 단기 직업훈련과정 1천500명 정원으로 개교할 예정이다.b940512@yna.co.kr▶확 달라진 연합뉴스 웹을 만나보세요▶네이버 [연합뉴스] 채널 구독▶뭐 하고 놀까? #흥"
전자신문,2019.08.21. 오후 4:01,"[직업교육 혁신현장을 가다]<3>자율주행차 정비도 'OK', 폴리텍대학 '스마트자동차학과'"," 신동준 한국폴리텍대학 화성캠퍼스 스마트자동차학과장(왼쪽 세번째)이 교육생에게 자율주행차 기술을 설명하고 있다.한국폴리텍대학 화성캠퍼스는 자율주행자동차 정비 능력을 갖춘 인재를 키우는 곳이다. 화성캠퍼스 하이테크과정 '스마트자동차학과'는 올해 처음 교육생을 받았다. 지난해까지 '자동차학과'라는 전문기술과정으로 운영되다가 올해부터 '스마트자동차학과'라는 하이테크과정으로 전환됐다.스마트자동차는 운전자를 대신하거나 보조 역할을 할 수 있는 융합적·진보적 지능형 자동차를 말한다. 이른바 '자율주행자동차'로 통한다.이곳에서는 스마트자동차의 핵심기술인 '사물인지' '딥 러딩' '머신 비전' 등을 통한 차량 복합제어 시스템 운용 능력을 갖춘 자율주행차 산업 전문인력 양성이 한창이다. 이론과 실무능력을 겸비한 '스마트 자동차 산업을 선도할 실무중심 전문가'를 키우는 것이 목표다.신동준 스마트자동차학과장은 “자율주행 단계별 기술과 로직에 대해 교육생이 학습하고 자동차를 수리·보수할 수 있도록 교육하고 있다”라며 “기본적인 자동차 정비에 필요한 자동차 구조학에 대해서도 학습하기 때문에 일반정비 능력도 갖춘다”고 말했다.스마트자동차가 가지고 있는 복합제어, 다중통신, 사물인지에 관련된 프로그램 특화 등을 배움과 동시에 일반 정비에 필요한 정비능력도 겸비할 수 있도록 교육한다는 설명이다.신 학과장은 “자동차가 시스템적으로 고도화함에 따라 전통적인 기능공이 제어할 수 있는 한계를 넘어서고 있다”면서 “지능형자동차 보급이 늘어날수록 기술 인력으로 정비시장이 재편될 것이고, 자동차정비센터에서 하이테크 인력을 필요로 할 것”이라고 강조했다.국내 자동차 시장 규모는 약 40조원, 잠재 시장까지 포함하면 120조원 정도로 추산된다. 올해 1월 국내차량등록대수 2300만대를 돌파했다. 출력과 성능을 중시하는 자동차에서 '스스로 알아서 주행하는' 지능형 자동차 중심으로 재편되면서 그에 따른 신기술 전문 인력수요는 계속 증가할 것으로 점쳐진다.윤문용 한국폴리텍대학 화성캠퍼스 스마트자동차학과 교육생.윤문용 교육생은 “자동차시장 변화 트렌드를 앞서 나가는 전문인력이 되기 위해 스마트자동차학과를 찾았다”고 말했다. 자동차정비센터 창업이 목표라는 윤 교육생은 “당장 취업도 중요하지만 미래 자동차시장에서 필요한 인재가 되는 것이 중요하다고 판단했다”고 덧붙였다.스마트자동차학과가 위치한 화성시는 한국교통안전공단 자동차안전연구원과 함께 자율주행 시험도시 'K-시티'를 추구하고 있다. 관련 연구원과의 협력관계를 통해 교육생들이 언제든 한국형 자율주행 실험 시스템을 활용할 수 있는 기회가 제공된다. 교육생은 자율주행 시험과 평가 등을 체험할 수 있다.스마트자동차학과에서 교육을 받으면 자동차 완성차 회사, 전문연구기관, 자동차 손해보험회사(차량보상과), 자동차 정비업체 또는 검사원, 수입 자동차 업체, 자동차 산업 관련기관, 자동차 부품업체, 각종 차량 유지보수 관리 업무분야, 신차·중고차 인증 및 매매분야 등으로 취업할 수 있다.폴리텍대학 화성캠퍼스는 남양 현대자동차 공장과 연구소에서 평택 쌍용자동차 공장으로 이어지는 자동차 제조·연구·부품·시험 클러스터에 인접해 있기 때문에 취업할 곳을 찾기도 유리한 조건이다.신 학과장은 “컴퓨팅 사고, 논리·분석·창의적 사고, 상상력과 아이디어 탐구, 자신의 비전에 대한 강한 믿음과 열정을 갖고 있다면 스마트자동차학과에서 미래 신산업 전문인력으로 거듭날 수 있을 것”이라고 말했다.함봉균 정책(세종) 기자 hbkone@etnews.com▶ 네이버 모바일에서 [전자신문] 채널 구독하기▶ 전자신문 바로가기[Copyright ⓒ 전자신문 & 전자신문인터넷, 무단전재 및 재배포 금지]"
뉴스1,2019.08.22. 오후 5:34,"폴리텍 대전, 전기전자제어과 학과 개편 "," 한국폴리텍대학 대전켐퍼스 제2공학관 전경  뉴스1(대전=뉴스1) 김종서 기자 = 한국폴리텍대학 대전캠퍼스가 SG전기전자제어과를 전기전자제어과로 개편하고 내년 3월부터 학사 운영에 들어간다.22일 폴리텍 대전캠퍼스에 따르면 이번 학과 개편은 전력IT, 신재생에너지, 전기제어시스템과 IoT기술을 연계한 창의융합형 인재 양성을 목적으로 추진됐다.학과 개편을 위해 올해 약 10억 원을 투입해 스마트전력변환장치 등 최신 교육훈련장비 17종을 도입, 전기·전자·IT를 융합한 러닝팩토리실을 구축했다.교과 과정은 직종 공통 교과목 5개와 중점 분야별 특화전공 교과목군 7개로 구성된다. 또 90명 정원의 2년제 학위 과정과 25명 정원의 하이테크과정을 기업의 수요에 따라 50명으로 확대 운영할 계획이다.전준옥 학과장은 “최신식 교육훈련장비 도입과 실습실 정비를 통해 학생들의 경쟁력이 향상될 것으로 기대된다”고 말했다.한편 대전캠퍼스는 내달 18일 캠퍼스 대강당(제1공학관)과 제2공학관 일대에서 ‘전기전자제어과’ 현판식을 시작으로 시범수업을 갖는다.guse12@news1.kr▶ [ 크립토허브 ]▶ [ 해피펫 ]▶ 네이버 메인에서 [뉴스1] 구독하기![ 뉴스1코리아(news1.kr), 무단 전재 및 재배포 금지]"
뉴스1,2019.08.22. 오후 3:58,"폴리텍대학 원주캠, 케이에이씨와 기술인재 양성 협약"," 22일 한국폴리텍대학 원주캠퍼스에서 대학 측과 (주)케이에이씨 간 업무협약식이 열리고 있다.(한국폴리텍대학 원주캠 제공).2019.8.22/뉴스1 News1(원주=뉴스1) 권혜민 기자 = 한국폴리텍대학 원주캠퍼스(학장 조광래)는 22일 대학본부에서 ㈜케이에이씨(대표이사 하영봉)와 기술인재 양성 및 수급 환경조성을 위해 노력하기로 하는 산학협력 협약을 체결했다.케이에이씨는 협약체결과 함께 기술인력 양성을 위한 대학발전기금 100만원을 기탁했다.케이에이씨는 원주 문막에서 자동차용 부품 중 알루미늄 다이케이팅 제품을 전문적으로 생산하는 종업원 300명 규모의 기업이다.지난 해에는 컴퓨터응용기계과 졸업생 5명 등 다수의 학생들이 이곳에 입사해 경영지원, 설계, 생산기술 등의 분야에서 일하고 있다.원주캠퍼스는 협약체결을 시작으로 학생들의 취업, 일학습병제, P-테크(고숙련 일학습병행), 재직자교육 등 다양한 사업을 공동 추진할 계획이다.조광래 학장은 “기업에서 기탁해 준 발전기금은 가정형편이 어려운 학생들의 장학금 등으로 활용할 것이며 학생들이 기술인재로 성장할 수 있도록 다양한 지원을 아끼지 않겠다”고 말했다.하영봉 대표이사는 “한국폴리텍대학 졸업생들은 타 대학 출신자들에 비해 현장에서 사용하는 용어 등에 대한 이해와 적응력이 높다”며 “협약을 계기로 사원들의 장기적인 커리어개발을 위해 일학습병행제, P-테크 등의 시스템을 구축해 기업과 근로자가 함께 성장할 수 있는 방안을 모색하도록 하겠다”라고 밝혔다.hoyanarang@news1.kr▶ [ 크립토허브 ]▶ [ 해피펫 ]▶ 네이버 메인에서 [뉴스1] 구독하기![ 뉴스1코리아(news1.kr), 무단 전재 및 재배포 금지]"
뉴시스,2019.08.22. 오전 10:02,"폴리텍 창원 최고경영자 과정 제36기, 후원금 전달", 【창원=뉴시스】21일 한국폴리텍 경남 창원캠퍼스 기술혁신 최고경영자과정 제36기 박종구(왼쪽) 원우회장이 대학발전 후원금 500만원을 기탁하고 있다. 오른쪽은 손은일 총장. 2019.08.22. (사진=폴리텍 창원 제공)photo@newsis.com<저작권자ⓒ 공감언론 뉴시스통신사. 무단전재-재배포 금지.>
전자신문,2019.08.25. 오후 5:01,"[직업교육 혁신현장을 가다]<4>미래형 공장 인재로, 폴리텍대학 '스마트팩토리과'"," 창원국가산업단지 조성에 따른 인력을 공급하기 위해 세워진 한국폴리텍대학 창원캠퍼스. 우리나라 최초의 기능대학으로 출발한 이곳에는 4차 산업혁명 핵심 분야인 '스마트팩토리'에 필요한 인재를 양성하는 '스마트팩토리과'가 국내 처음 만들어졌다. 창원은 '경남도 미래 50년 전략산업' 추진의 핵심 지역으로, 로봇 비즈니스 벨트 조성, 창원산단 구조 고도화 사업 등이 추진 중이라 관련 인력 수요가 많다.김정현 한국폴리텍대학 창원캠퍼스 스마트팩토리과 교수(맨 오른쪽)가 교육생들에게 공작 로봇 제어방법을 설명하고 있다.스마트팩토리과는 2017년 신설돼 올해 첫 졸업생을 배출했다. 맞춤형 사물인터넷(IoT)-정보통신기술(ICT) 기계 융합 전문 인력 양성이 이뤄지고 있다. 기초 공통, 전공 심화, 전공특화 등 교육과정을 3단계로 나눠 단계별 목표를 선정하고, 최종 프로젝트 수업을 통해 스마트팩토리 전문가를 키운다.한국오므론, 한국로크웰, 한국화낙, 시스코, 한화 등 스마트팩토리 설비와 시스템을 공급하는 기업과 산학협력을 맺고, 스마트공장에서 실제 사용하는 로봇 등 설비와 운영 시스템 등을 들여와 산업현장과 동일한 수준으로 수업을 진행한다.쉽게 말해 스마트팩토리 지식을 습득하고 실습 경험까지 갖출 수 있는 교육이다. 졸업 후 즉시 취업해 현장에 투입할 수 있는 인재를 양성하고 있다. 스마트팩토리 구현을 위한 생산 공정 제어장비를 중심으로 센서, 전장품, 전력·안전제어 등 운영데이터를 수집해 네트워크 기반 상위 정보시스템으로 통합제어를 할 수 있는 인력 등이 스마트팩토리과에서 나온다.학교를 방문한 지난 21일. 개학 전임에도 많은 교육생이 캠퍼스에 나와 실습하고 있었다. 스마트팩토리다보니 일반 설비 제어 기능에 ICT를 접목한 교육이 이뤄진다. 모니터링과 데이터 분석은 물론 설비 장비가 네트워크에 연결돼 생산 라인과 제어기 동작·상태 등을 어떤 방식으로 이행하는지 확인하고 이상 징후가 발견되면 조치하도록 프로그래밍하는 방법까지 실습한다.김정현 교수는 “스마트팩토리는 거부할 수 없는 트렌드이자 제조업 부활을 위한 유일한 희망”이라며 “스마트팩토리과는 ICT 융합의 근간이 되는 스마트팩토리 특성화를 통해 지역밀착형, 미래지향적 인력 양성을 목표로 하고 있다”고 말했다.김 교수는 스마트팩토리과를 나오면 자동화 관련 설비, 유지, 개발 분야로 진출하거나 로봇 및 ERP 개발 관련 엔지니어, 전기설비 엔지니어 등으로 활동할 수 있다고 설명했다. 공장기계 생산업체나 재제조업체, 컨트롤러를 이용한 자동화 설비업체와 전용기 생산업체, 자동화 및 로봇 관련 하드웨어 동작 이해와 기본 셋팅이 필요한 곳 등이다.김 교수는 “올해 일자리 추가경정예산 확보에 따라 '스마트공장 특화캠퍼스' 구축을 추진 중”이라며 “산업체의 최신 스마트팩토리 기술 수요를 반영한 학과 개편과 타 학과와의 벽을 허문 융합교육을 실시하는 러닝팩토리를 구축하겠다”고 밝혔다. 이를 통해 4차 산업혁명 시대를 이끌 인재를 지속 양성할 계획이다.하종빈 한국폴리텍대학 창원캠퍼스 스마트팩토리과 교육생.학교에서 만난 하종빈 교육생은 울산과학대 실내건축학과를 졸업했지만 4차 산업혁명과 관련된 정보를 접하면서 융합산업의 중심인 스마트팩토리에 관심이 생겨 폴리텍에 지원했다.하 교육생은 “쉽게 접할 수 없는 고가, 최신 장비를 직접 만질 수 있는 실습 위주의 수업을 통해 실무에 더 가깝게 배울 수 있다는 점이 스마트팩토리과의 경쟁력”이라고 강조했다.그는 “스마트팩토리가 산업 융합의 핵심이기 때문에 다방면으로 접근이 가능하고, 자동화 장비와 설비 네트워크 분야 취업을 목표로 하고 있다”고 밝혔다.함봉균 정책(세종) 기자 hbkone@etnews.com▶ 비욘드 RPA & Human 콜라보 콘서트 2019▶ 네이버 모바일에서 [전자신문] 채널 구독하기▶ 전자신문 바로가기[Copyright ⓒ 전자신문 & 전자신문인터넷, 무단전재 및 재배포 금지]"
뉴시스,2019.08.27. 오후 1:56,한국폴리텍대학 광주캠퍼스," 【광주=뉴시스】 송창헌 기자 = 광주 유일의 공공직업교육훈련기관으로, 교육부와 고용노동부 등 다채널 정부협업 교육기관인 한국폴리텍대학 광주캠퍼스가 청년 실업난과 저출산의 악순환 속에서도 괄목할만한 성장세를 보이면서 주목받고 있다. 2019.08.27. (사진= 한국폴리텍대학 광주캠퍼스 제공)photo@newsis.com<저작권자ⓒ 공감언론 뉴시스통신사. 무단전재-재배포 금지.>"
뉴시스,2019.08.27. 오후 1:56,폴리텍대 광주캠퍼스 도재윤 학장," 【광주=뉴시스】 송창헌 기자 = 광주 유일의 공공직업교육훈련기관으로, 교육부와 고용노동부 등 다채널 정부협업 교육기관인 한국폴리텍대학 광주캠퍼스가 청년 실업난과 저출산의 악순환 속에서도 괄목할만한 성장세를 보이면서 주목받고 있다. 광주캠퍼스 도재윤 학장. 2019.08.27. (사진= 한국폴리텍대학 광주캠퍼스 제공)photo@newsis.com<저작권자ⓒ 공감언론 뉴시스통신사. 무단전재-재배포 금지.>"
뉴스1,2019.09.02. 오후 5:40,"폴리텍 강원, 4일 춘천서 2020학년도 입시설명회 개최"," 한국폴리텍대학 춘천캠퍼스.  News1(강원=뉴스1) 김경석 기자 = 한국폴리텍Ⅲ 강원대학(학장 이상권)은 4일 오후 2시 춘천시 동산면 1캠퍼스 시청각실에서 2020학년도 입시설명회를 개최한다고 2일 밝혔다.설명회는 교사와 학부모, 수험생을 대상으로 강원권 폴리텍 대학의 진학과 진로선택에 대한 정보를 제공하기 위해 마련됐다.설명회는 대학소개와 2년제 학위과정과 고교위탁과정에 관한 입시설명, 입시분석과 질의응답, 주요시설 견학 등 순서로 진행될 예정이다.대학 관계자는 ""현재 고교생들의 교육과 취업화경이 크게 변화하고 있다""며 ""이번 설명회가 학생들의 진로설정과 대학입학에 많은 도움이 되길 바란다""고 말했다.kks10190@news1.kr▶ [ 크립토허브 ]▶ [ 해피펫 ]▶ 네이버 메인에서 [뉴스1] 구독하기![ 뉴스1코리아(news1.kr), 무단 전재 및 재배포 금지]"
뉴스1,2019.09.02. 오후 3:39,"폴리텍 익산, 경력단절 여성 재취업 과정 입교식 개최"," 한국폴리텍대학 익산캠퍼스는 2019학년도 하반기 여성재취업과정 입교식을 개최하고 있다.(한국폴리텍대학 익산캠퍼스 제공) 2019.9.2 /뉴스1(익산=뉴스1) 박슬용 기자 = 한국폴리텍대학 익산캠퍼스는 2019학년도 하반기 여성재취업과정 입교식을 개최했다고 2일 밝혔다.대학은 경력이 단절된 여성들의 재취업을 지원하기 위해 여성친화직종을 선별해 여성재취업과정을 운영하고 있다.하반기 여성재취업과정은 11월29일까지 3개월간 진행되며 24명의 교육생들은 수료 후 가죽공예 분야에서 창업을 하게 된다.차신태 학장은 “입교한 여성특별과정 신입생들이 우리 대학에서 새로운 꿈과 희망을 찾고 이룰 수 있도록 최선의 지원을 다하겠다”고 말했다.한편, 한국폴리텍대학 익산캠퍼스는 여성특별과정뿐만 아니라 베이비부머 세대를 위한 재취업과정과 만 50세 이상의 신중년층을 위한 전기공사 과정 등 취업 취약계층의 취업을 지원하기 위한 교육과정을 매년 운영하고 있다.hada0726@news1.kr▶ [ 크립토허브 ]▶ [ 해피펫 ]▶ 네이버 메인에서 [뉴스1] 구독하기![ 뉴스1코리아(news1.kr), 무단 전재 및 재배포 금지]"
매일신문,2019.09.02. 오전 6:30,[2020 수시특집] 한국폴리텍Ⅵ대학 대구캠퍼스-캠퍼스·학과·전형 간 복수지원 불가," [이연정 기자 lyj@imaeil.com]한국폴리텍Ⅵ대학 대구캠퍼스는 이달 중 융합 교육 공동실습장 '러닝팩토리' 완공을 앞두고 있다. 한국폴리텍대학 대구캠퍼스 제공한국폴리텍Ⅵ대학(학장 이권희) 대구캠퍼스가 2020학년도 수시모집에서 총 모집인원의 88.8%인 352명을 선발한다. 모집학과는 총 6개 학과로 신소재응용과, 금형디자인과, 산업설비자동화과, 스마트전자과, 스마트전기과, 컴퓨터응용기계과다.수시 1차모집은 크게 ▷일반전형(155명) ▷특별전형(76명) ▷정원 외 전형(39명)으로 구분된다.고등학교 졸업(예정)자 또는 동등이상의 학력이 있는 자는 누구나 지원할 수 있다. 고교 학생부 성적(80%)과 지원 동기, 학습능력, 품행 등을 평가하는 면접 성적(20%)을 반영해 선발한다.특별전형은 특성화고교 졸업(예정)자나 6개월 이상 산업체 근무경력자, 국가기술자격취득자가 지원할 수 있는 전형이다. 정원 외 전형은 산업체 근무경력 2년 이상인 자, 25세 이상(1995년 3월 2일 이전 출생자)인 자 혹은 전문대학 이상 졸업(예정)자 등 지원 자격을 충족하면 지원할 수 있다.가산점도 최대 5% 이내 비율로 적용받을 수 있다. 국가기술자격증(기능사 이상) 소지자, 전국기능경기대회 입상자, 발명경진대회 수상자 등이 대상이다.한국폴리텍대학 대구·구미·영주캠퍼스 간 중복 지원은 불가능하다. 동일 캠퍼스 내 여러 학과 또는 다른 전형으로 복수 지원도 불가능하므로 유의해야 한다.국가가 설립, 운영하는 한국폴리텍대학은 '학생이 즐거운 대학'을 목표로 한다. ▷80% 이상의 높은 취업률과 취업 유지율 ▷전국 최저 수준의 등록금 ▷약 75% 수준의 장학금 지급률도 장점으로 꼽힌다. 9월 중 4차 산업혁명에 대비한 융합 교육을 위해 학과 간 칸막이를 없앤 오픈형 공동 실습장 '러닝팩토리' 완공을 앞두고 있다.ⓒ매일신문 - www.imaeil.com"
연합뉴스,2019.09.04. 오후 5:34,'학벌보다 실력' 한국폴리텍 강원 입시설명회," (춘천=연합뉴스) 한국폴리텍Ⅲ(강원)대학이 4일 오후 춘천시 동산면 춘천1캠퍼스 시청각실에서 '2020학년도 한국폴리텍Ⅲ대학 통합 입시 설명회'를 하고 있다. 폴리텍Ⅲ대학은 춘천, 원주, 강릉에 캠퍼스를 운영 중이다. 2019.9.4 [한국폴리텍Ⅲ대학 제공. 재판매 및 DB 금지]conanys@yna.co.kr▶확 달라진 연합뉴스 웹을 만나보세요▶네이버 [연합뉴스] 채널 구독▶뭐 하고 놀까? #흥"
연합뉴스,2019.09.04. 오후 5:34,'학벌보다 실력' 한국폴리텍 강원 입시설명회," (춘천=연합뉴스) 한국폴리텍Ⅲ(강원)대학이 4일 오후 춘천시 동산면 춘천1캠퍼스 시청각실에서 '2020학년도 한국폴리텍Ⅲ대학 통합 입시 설명회'를 하고 있다. 폴리텍Ⅲ대학은 춘천, 원주, 강릉에 캠퍼스를 운영 중이다. 2019.9.4 [한국폴리텍Ⅲ대학 제공. 재판매 및 DB 금지]conanys@yna.co.kr▶확 달라진 연합뉴스 웹을 만나보세요▶네이버 [연합뉴스] 채널 구독▶뭐 하고 놀까? #흥"
뉴스1,2019.09.04. 오후 4:43,"폴리텍 강원, 2020학년도 입시설명회 개최"," 폴리텍대학 입시설명회 모습. (한국폴리텍III 강원대학 제공)  News1(춘천=뉴스1) 김경석 기자 = 한국폴리텍Ⅲ 강원대학(학장 이상권)은 4일 오후 춘천시 동산면 1캠퍼스 시청각실에서 2020학년도 입시설명회를 개최했다.설명회는 교사와 학부모, 수험생을 대상으로 진학과 진로선택에 대한 정보를 제공하기 위해 마련됐다.이날 설명회에는 양구여고, 청평고, 남양주공고, 해솔직업사관학교 등의 교사, 학부모, 수험생 등 100여명이 참석했다.설명회는 대학소개와 2020학년도 2년제학위과정 및 고교위탁과정에 관한 입시설명, 과년도 입시분석과 질의응답, 주요시설 견학 순서로 진행됐다.이상권 학장은 ""고교생들의 교육·취업환경이 크게 변화하는데 이번 설명회가 학생들의 진로설정과 대학입학에 많은 도움이 되길 바란다""고 말했다.kks10190@news1.kr▶ [ 크립토허브 ]▶ [ 해피펫 ]▶ 네이버 메인에서 [뉴스1] 구독하기![ 뉴스1코리아(news1.kr), 무단 전재 및 재배포 금지]"
파이낸셜뉴스,2019.09.04. 오후 2:42,폴리텍 2020학년도 2년제 학위과정 7070명 선발," 한국폴리텍대학(이하 폴리텍)은 6일부터 2020학년도 2년제 학위과정 신입생을 전국 27개 캠퍼스 157학과에서 7070명을 선발한다.수시모집 1차는 9월 6일부터 같은 달 27일까지, 2차는 11월 6일부터 같은 달 20일까지 각각 원서를 접수하며, 정시 접수기간은 12월 30일부터 내년 1월 13일까지다.전형은 정원 내 전형(일반.특별전형)과 정원 외 특별전형으로 나뉜다. 일반전형은 고교 졸업(예정) 이상의 학력을 가진 사람이면 누구나 응시할 수 있다. 특별전형은 전문계고 졸업(예정)자, 산업체 6개월 이상 근무경력자, 국기기술자격증 취득자 등이 대상이다. 정원 외 특별전형은 전문대 이상 졸업예정)자 및 25세 이상자가 지원할 수 있다.특히 모든 전형은 일반 전문대학 및 4년제 대학 합격과 등록 여부에 관계없이 지원 가능하다. 폴리텍 캠퍼스 간 중복 지원도 가능하나, 모집 차수별로 동일 권역 내 1개 캠퍼스만 지원할 수 있다.올해 달라진 점은 야간과정 지원 자격이다. 그간 야간과정은 학과 전공과 관련된 직무에 종사 중이거나 1년 이상의 경력을 보유한 경우에만 지원 가능했지만, 내년에는 경력 조건에 관계없이 지원할 수 있다. 경력에 따른 학점 인정 신청도 가능하다.올해부터 반도체 분야 모집인원이 늘어났다. 폴리텍은 오는 10월 용인 반도체 클러스터와 인접한 안성캠퍼스를 반도체 특화캠퍼스로 전환, 이를 중심으로 기존 반도체 관련 학과와 클러스터를 구축해 인력을 양성할 계획이다. 안성캠퍼스의 기존 학과를 반도체장비설계, 반도체품질측정, 반도체공정장비 등 반도체 분야로 개편하고, 성남.아산.청주는 각각 소재분석, 후공정, 장비 유지보수 분야로 특화한다. 4개 캠퍼스 9개 학과에서 450명을 모집한다.한편, 폴리텍의 2017년 2월 졸업자 대학정보공시 기준 취업률 상위 30개 학과의 계열을 분석한 결과, 전기(16.7%), 자동화(16.7%), 기계(13.3%) 계열 순으로 높게 나타났다. [파이낸셜뉴스]spring@fnnews.com 이보미 기자▶ 헉! 소리나는 스!토리 뉴스 [헉스]▶ 클릭해, 뉴스 들어간다 [뉴스쿨]▶ 세상에 이런일이 [fn파스]※ 저작권자 ⓒ 파이낸셜뉴스. 무단 전재-재배포 금지"
뉴시스,2019.09.04. 오후 2:02,"폴리텍大 광주캠퍼스, 광주전남연구원 협약", 【광주=뉴시스】 송창헌 기자 = 광주캠퍼스를 호남권 거점으로 한 한국폴리텍Ⅴ대학이 4일 오전 대학본부 2층 대회의실에서 광주전남연구원과 업무협약(MOU)를 체결한 뒤 기념사진을 찍고 있다. 2019.09.04 (사진= 한국폴리텍 광주캠퍼스 제공)photo@newsis.com<저작권자ⓒ 공감언론 뉴시스통신사. 무단전재-재배포 금지.>
연합뉴스,2019.09.09. 오후 3:00,"한국폴리텍대학, 크리스찬상조로부터 장학금 500만원 전달받아"," ▲ 한국폴리텍대학 서울강서캠퍼스 데이터분석과는 지난 3일 크리스찬상조로부터 4차산업 인재 양성을 위한 장학금 500만원을 기부받았다고 9일 밝혔다.전달식에는 폴리텍대 서울강서캠퍼스 노정진 학장, 김영운 데이터분석과 학과장, 최경문 교학처장, 크리스찬상조 김현재 대표가 참석했다.크리스찬상조는 2006년 '하나님의 사랑은 곧 이웃의 사랑이다'라는 이념을 바탕으로 설립된 상조회사로, 2016년부터 빅데이터 전문학과인 데이터분석과 학생들을 위해 매년 500만원씩 장학금을 기탁하고 있다.데이터분석과는 빅데이터 기술을 교육하는 전문학과로, 빅데이터 기업과 동일한 실습 환경을 구축해 빅데이터 처리 과정인 수집·저장·처리·분석·시각화 전체와 인공지능 중 딥러닝을 교육하고 있다.김현재 대표는 ""크리스찬상조는 기존의 가정의례 서비스를 넘어 라이프사이클 전반을 서비스하며 저렴한 가격에 전문성과 만족도 높은 상조 서비스를 제공하고 있다""며 ""앞으로도 국내의 우수한 4차산업 인재 양성에 힘쓰는 한편으로 사회에 이바지하는 착한 기업으로 성장해 나가겠다""고 말했다. (연합뉴스)▶확 달라진 연합뉴스 웹을 만나보세요▶네이버 [연합뉴스] 채널 구독▶뭐 하고 놀까? #흥"
연합뉴스,2019.09.11. 오후 3:30,ICT폴리텍대학 '2019학년도 수시 1차' 모집…30일까지 원서 접수," ▲ ICT폴리텍대학은 오는 30일까지 2019학년도 신입생 수시 1차 모집 원서 접수를 진행한다고 11일 밝혔다.ICT폴리텍대학은 정보통신 기술교육 분야의 전통 강자로서 2년제 산업학사 학위 과정에 정보통신학과, 스마트통신학과, 멀티미디어통신학과, 모바일통신학과 등 통신 분야 4개 학과를 운영하고 있다.신입생 모집 인원은 각 학과에서 48명씩 총 192명으로, 수시 1차에서는 전체 입학 정원의 80%인 152명을 선발한다. 수시에 합격하더라도 정시모집 대학에 지원할 수 있어 수시 지원 횟수 및 등록 여부와 관계없이 지원할 수 있다.전형은 크게 정원 내·외 전형으로 나뉘고, 고등학교 졸업자 또는 이와 동등 이상 학력 소지자면 누구나 지원할 수 있다.정원 내 특별전형의 경우 전문계 고등학교 졸업(예정)자 외 산업체 근무경력자(6개월 이상), 1년 이상의 직업능력개발훈련과정 이수(예정)자, 국가기술자격법에 의한 기술·기능 분야 국가기술 자격을 취득한 자 등을 대상으로 한다.정원 외 특별전형의 경우 정원 내 전형보다 경쟁률이 낮으며, 전문대학 이상 졸업(예정)자, 기초수급권자, 북한 이탈 주민, 재외국민(외국인) 등이 응시할 수 있다.면접 없이 학생부 성적 100%를 반영해 선발하고, 군 전역(예정)자는 내신 성적 20%에 해당하는 매우 높은 가산점을 부여받을 수 있고, 정원 내 특별전형의 경우 국가기술자격증 소지자나 정보통신공사업체 근무경력이 6개월 이상인 자는 15%의 가산점을 부여한다.대학 관계자는 ""과학기술정보통신부 지원의 국내 유일 ICT 특성화 대학으로 학기 등록금이 사립전문대의 1/3 정도로 학비 부담이 없다""며 ""ICT 입학장학금도 신설해 고교 내신 성적 4등급(전문계고 3등급) 이내인 학생이 입학 시 한학기 등록금을 장학금으로 받게 된다""고 설명했다.수시 2차 모집은 11월 6~22일 진행될 예정이며, 자세한 모집 안내와 학과별 정보는 ICT폴리텍대학 홈페이지에서 확인할 수 있다. (연합뉴스)▶확 달라진 연합뉴스 웹을 만나보세요▶네이버 [연합뉴스] 채널 구독▶뭐 하고 놀까? #흥"
뉴스1,3일전,'제품개발 융복합 실습'···폴리텍 춘천 러닝팩토리 개관," 설계부터 완성까지 통합교육...지역 기업도 활용 가능24일 오전 강원 한국폴리텍대학 춘천캠퍼스에서 열린 융복합 실습지원센터(러닝팩토리) 개관식에서 참석자들이 기념사진 촬영을 하고 있다. 2019.9.24/뉴스1  News1 김경석 기자(춘천=뉴스1) 김경석 기자 = 한국폴리텍대학 춘천캠퍼스(학장 이상권)는 24일 오전 1공학관에서 융복합 실습지원센터(러닝팩토리) 개관식을 개최했다.이날 개관식에는 이석행 학교법인 한국폴리텍이사장, 김만기 춘천시 부시장, 박동언 강원경영자총협회장을 비롯한 100여명이 참석했다.이날 행사는 경과보고와 센터 홍보영상, 환영·격려사, 테이프커팅식, 시제품제작 시연과 센터 투어 등으로 진행됐다.러닝팩토리는 기존 단일 공정 중심 실습장을 탈피해 설계부터 제품 완성까지 전 공정 통합 교육이 가능한 융복합 실습공간이다.팩토리는 지상 1층 754㎡ 규모로 설계실, 3D프린팅실, 종합기계가공실, 계측제어실, 하이브리드 용접실, 미디어실 등으로 구성됐다.24일 오전 강원 한국폴리텍대학 춘천캠퍼스에서 열린 융복합 실습지원센터(러닝팩토리) 개관식에서 대학 관계자가 참석자들에게 러닝팩토리 시스템을 설명하고 있다. 러닝팩토리는 제품 설계부터 완성까지 전 공정 통합 교육이 가능한 실습공간이다. 2019.9.24/뉴스1  News1 김경석 기자러닝팩토리를 활용할 학과는 전기과, 스마트제품디자인과, 미디어콘텐츠과, 산업설비과 등이다.특히 학생뿐 아니라 지역 기업도 활용이 가능하며 신제품개발 기술지원과 재직자직무능력 향상교육 기회를 제공한다.대학은 중고교생 대상 진로체험 공간으로도 활용할 방침이다.이상권 학장은 ""러닝팩토리를 통해 4차 산업혁명 시대 다양한 분야의 지식과 기술을 겸비한 융복합형 인재를 양성하겠다""며 ""러닝팩토리가 직업교육의 패러다임을 전환하는 계기가 될 것""이고 말했다.kks10190@news1.kr▶ [ 크립토허브 ]▶ [ 해피펫 ]▶ 네이버 메인에서 [뉴스1] 구독하기![ 뉴스1코리아(news1.kr), 무단 전재 및 재배포 금지]"
연합뉴스,2일전,폴리텍대 원주·춘천캠퍼스에 '러닝팩토리' 개관," 폴리텍대 강원, 춘천캠퍼스에 러닝팩토리 개관[한국폴리텍Ⅲ(강원)대학 제공. 재판매 및 DB 금지](춘천=연합뉴스) 박영서 기자 = 한국폴리텍Ⅲ(강원)대학이 4차 산업혁명 대비 융복합기술 인재 양성을 위한 '러닝팩토리'(Learning-Factory) 구축에 박차를 가하고 있다.러닝팩토리는 제품 생산 전체 공정이 한 곳에서 연결되도록 다양한 교과 실습 장비를 한 곳에 갖춘 실습장을 말한다.폴리텍Ⅲ대학은 이달 10일 원주캠퍼스에서 '의료공학 러닝팩토리'를 개관한 데 이어 24일 춘천1캠퍼스에 '열린 융·복합실습지원센터'를 개관했다.춘천캠퍼스 러닝팩토리에는 전기과, 스마트제품디자인과, 미디어콘텐츠과 산업설비과, 컴퓨터응용기계과 등 여러 학과 학생들이 한곳에서 실습할 수 있도록 설계했다.본인 전공뿐만 아니라 전공 외 실습 과정에 함께 참여해 제품설계부터 제작까지 과정을 한눈에 보고 실습할 수 있어 제품 개발 과정에 대한 안목을 넓힐 수 있을 것으로 기대된다.실습장은 재학생뿐만 아니라 강원도민 누구나 이용할 수 있어 지역 기업은 신제품 개발 기술을 지원받을 수 있고 근로자 직업능력 향상 교육과 중고교생 진로체험도 할 수 있다.이상학 폴리텍Ⅲ대학장은 ""다양한 분야의 지식과 기술을 겸비한 인재를 양성해 직업교육 패러다임을 바꾸겠다""고 말했다.이석행 한국폴리텍이사장은 ""강원도민들이 폴리텍 춘천캠퍼스를 지역의 소중한 자산으로 생각해주시고, 많은 지원과 관심을 부탁드린다""고 밝혔다.폴리텍대 강원, 춘천캠퍼스에 러닝팩토리 개관[한국폴리텍Ⅲ(강원)대학 제공. 재판매 및 DB 금지]conanys@yna.co.kr▶확 달라진 연합뉴스 웹을 만나보세요▶네이버 [연합뉴스] 채널 구독▶뭐 하고 놀까? #흥"
